"","text","favorited","favoriteCount","replyToSN","created","truncated","replyToSID","id","replyToUID","statusSource","screenName","retweetCount","isRetweet","retweeted","longitude","latitude","location","language","profileImageURL"
"1","#Tech #magazine #Micromax Vdeo 4 Specs: The Micromax Vdeo 4 is powered by 1.1GHz MSM8909 processor and it comes… https://t.co/YtD0ioIkKm",FALSE,0,NA,2017-01-17 13:55:44,FALSE,NA,"821355325529853952",NA,"<a href=""https://dlvrit.com/"" rel=""nofollow"">dlvr.it</a>","mobilestationn",0,FALSE,FALSE,NA,NA,"Nigeria","en","http://pbs.twimg.com/profile_images/650858462390415361/eormI3_A_normal.jpg"
"2","#tech #magazine #Micromax Vdeo 4 Specs: The Micromax Vdeo 4 is powered by 1.1GHz MSM8909 processor and it comes… https://t.co/HlrunEADEb",FALSE,0,NA,2017-01-17 13:33:34,FALSE,NA,"821349748514820096",NA,"<a href=""https://dlvrit.com/"" rel=""nofollow"">dlvr.it</a>","mobilestationn",0,FALSE,FALSE,NA,NA,"Nigeria","en","http://pbs.twimg.com/profile_images/650858462390415361/eormI3_A_normal.jpg"
"3","#Micromax 32T7260MHD / 32T6175MHD 81 cm (32 inch) On PaisaOne
ShopNow:-https://t.co/tU9qarJFIJ https://t.co/t685h5OHlG",FALSE,1,NA,2017-01-17 13:16:03,FALSE,NA,"821345337847578625",NA,"<a href=""http://twitter.com"" rel=""nofollow"">Twitter Web Client</a>","PaisaOne_Ind",0,FALSE,FALSE,NA,NA,"India","en","http://pbs.twimg.com/profile_images/783578173069856769/cMLlXF_6_normal.jpg"
"4","#Tech #Magazine #Micromax Vdeo 4 Specs: The Micromax Vdeo 4 is powered by 1.1GHz MSM8909 processor and…… https://t.co/lQGZ366X5C",FALSE,0,NA,2017-01-17 12:58:10,TRUE,NA,"821340837833383937",NA,"<a href=""https://dlvrit.com/"" rel=""nofollow"">dlvr.it</a>","mobilestationn",0,FALSE,FALSE,NA,NA,"Nigeria","en","http://pbs.twimg.com/profile_images/650858462390415361/eormI3_A_normal.jpg"
"5","#deals #Micromax Canvas Knight 2 16gb White is selling cheaper at INR 7999 today https://t.co/3BzYhAwGKQ #snapdeal",FALSE,0,NA,2017-01-17 12:41:21,FALSE,NA,"821336608318197760",NA,"<a href=""http://www.fliptrak.in"" rel=""nofollow"">fliptrak-node</a>","pricetrak",0,FALSE,FALSE,NA,NA,"","en","http://pbs.twimg.com/profile_images/471706985071521792/1X8heI93_normal.png"
"6","#Tech #magazine #Micromax Vdeo 4 Specs: The Micromax Vdeo 4 is powered by 1.1GHz MSM8909… https://t.co/yWjwDbUyip",FALSE,0,NA,2017-01-17 12:37:27,FALSE,NA,"821335625832034304",NA,"<a href=""http://www.google.com/"" rel=""nofollow"">Google</a>","mobilestationn",0,FALSE,FALSE,NA,NA,"Nigeria","en","http://pbs.twimg.com/profile_images/650858462390415361/eormI3_A_normal.jpg"
"7","RT @meheksharma899: #Flipkart #MICROMAX @Uber_India @Olacabs @Micromax_Mobile @Flipkart @Gurmeetramrahim
#Uber Strategically Struck #Ola
ht…",FALSE,0,NA,2017-01-17 12:10:15,FALSE,NA,"821328781885534208",NA,"<a href=""http://twitter.com"" rel=""nofollow"">Twitter Web Client</a>","DyanamicApp_C",4,TRUE,FALSE,NA,NA,"Faridabad, India","en","http://pbs.twimg.com/profile_images/740095459922956288/8UjS0Iji_normal.jpg"
"8","RT @Smartprix: #Micromax Lists #VoLTE Supporting #Vdeo3 and #Vdeo4 Online; To Feature #GoogleDuo Out Of The Box. https://t.co/xbppcsVmrd ht…",FALSE,0,NA,2017-01-17 11:52:36,FALSE,NA,"821324338972545024",NA,"<a href=""http://twitter.com"" rel=""nofollow"">Twitter Web Client</a>","Smartprix",1,TRUE,FALSE,NA,NA,"","en","http://pbs.twimg.com/profile_images/575988122682462208/KfQDcG_p_normal.png"
"9","RT @maalaimalar: <U+0BAE><U+0BC8><U+0B95><U+0BCD><U+0BB0><U+0BCB><U+0BAE><U+0BC7><U+0B95><U+0BCD><U+0BB8><U+0BCD> <U+0BB5><U+0BBF><U+0B9F><U+0BBF><U+0BAF><U+0BCB> <U+0BB8><U+0BCD><U+0BAE><U+0BBE><U+0BB0><U+0BCD><U+0B9F><U+0BCD><U+0BAA><U+0BCB><U+0BA9><U+0BCD><U+0B95><U+0BB3><U+0BCD> <U+0B85><U+0BB1><U+0BBF><U+0BAE><U+0BC1><U+0B95><U+0BAE><U+0BCD>
https://t.co/EzqBCnOmRW
#MICROMAX #Vdeo4 #smartphone #Vdeo3 https://t.co/ioy9…",FALSE,0,NA,2017-01-17 11:51:46,FALSE,NA,"821324127663517697",NA,"<a href=""http://twitter.com/download/android"" rel=""nofollow"">Twitter for Android</a>","SYAFIQ__LYNN",12,TRUE,FALSE,NA,NA,"KUALA LANGAT","en","http://pbs.twimg.com/profile_images/770369578182533120/6fA0MckH_normal.jpg"
"10","RT @maalaimalar: <U+0BAE><U+0BC8><U+0B95><U+0BCD><U+0BB0><U+0BCB><U+0BAE><U+0BC7><U+0B95><U+0BCD><U+0BB8><U+0BCD> <U+0BB5><U+0BBF><U+0B9F><U+0BBF><U+0BAF><U+0BCB> <U+0BB8><U+0BCD><U+0BAE><U+0BBE><U+0BB0><U+0BCD><U+0B9F><U+0BCD><U+0BAA><U+0BCB><U+0BA9><U+0BCD><U+0B95><U+0BB3><U+0BCD> <U+0B85><U+0BB1><U+0BBF><U+0BAE><U+0BC1><U+0B95><U+0BAE><U+0BCD>
https://t.co/EzqBCnOmRW
#MICROMAX #Vdeo4 #smartphone #Vdeo3 https://t.co/ioy9…",FALSE,0,NA,2017-01-17 11:47:13,FALSE,NA,"821322982824022016",NA,"<a href=""http://twitter.com/download/android"" rel=""nofollow"">Twitter for Android</a>","mbaynard04",12,TRUE,FALSE,NA,NA,"Lexington","en","http://pbs.twimg.com/profile_images/764204617139879940/Pxoz1OSL_normal.jpg"
"11","RT @maalaimalar: <U+0BAE><U+0BC8><U+0B95><U+0BCD><U+0BB0><U+0BCB><U+0BAE><U+0BC7><U+0B95><U+0BCD><U+0BB8><U+0BCD> <U+0BB5><U+0BBF><U+0B9F><U+0BBF><U+0BAF><U+0BCB> <U+0BB8><U+0BCD><U+0BAE><U+0BBE><U+0BB0><U+0BCD><U+0B9F><U+0BCD><U+0BAA><U+0BCB><U+0BA9><U+0BCD><U+0B95><U+0BB3><U+0BCD> <U+0B85><U+0BB1><U+0BBF><U+0BAE><U+0BC1><U+0B95><U+0BAE><U+0BCD>
https://t.co/EzqBCnOmRW
#MICROMAX #Vdeo4 #smartphone #Vdeo3 https://t.co/ioy9…",FALSE,0,NA,2017-01-17 11:42:03,FALSE,NA,"821321683533500416",NA,"<a href=""http://twitter.com/download/android"" rel=""nofollow"">Twitter for Android</a>","6671x_",12,TRUE,FALSE,NA,NA,"Birmingham Al,","en","http://pbs.twimg.com/profile_images/750412506011725824/pyGraKDv_normal.jpg"
"12","RT @maalaimalar: <U+0BAE><U+0BC8><U+0B95><U+0BCD><U+0BB0><U+0BCB><U+0BAE><U+0BC7><U+0B95><U+0BCD><U+0BB8><U+0BCD> <U+0BB5><U+0BBF><U+0B9F><U+0BBF><U+0BAF><U+0BCB> <U+0BB8><U+0BCD><U+0BAE><U+0BBE><U+0BB0><U+0BCD><U+0B9F><U+0BCD><U+0BAA><U+0BCB><U+0BA9><U+0BCD><U+0B95><U+0BB3><U+0BCD> <U+0B85><U+0BB1><U+0BBF><U+0BAE><U+0BC1><U+0B95><U+0BAE><U+0BCD>
https://t.co/EzqBCnOmRW
#MICROMAX #Vdeo4 #smartphone #Vdeo3 https://t.co/ioy9…",FALSE,0,NA,2017-01-17 11:40:33,FALSE,NA,"821321307455418368",NA,"<a href=""http://twitter.com/download/android"" rel=""nofollow"">Twitter for Android</a>","sycam0reAM",12,TRUE,FALSE,NA,NA,"Nashville, TN","en","http://pbs.twimg.com/profile_images/750419450537574400/w_daNDZI_normal.jpg"
"13","RT @meheksharma899: #Flipkart #MICROMAX @Uber_India @Olacabs @Micromax_Mobile @Flipkart @Gurmeetramrahim
#Uber Strategically Struck #Ola
ht…",FALSE,0,NA,2017-01-17 11:40:01,FALSE,NA,"821321172688244736",NA,"<a href=""http://twitter.com"" rel=""nofollow"">Twitter Web Client</a>","AtrumpGame",4,TRUE,FALSE,NA,NA,"New Delhi, India","en","http://pbs.twimg.com/profile_images/795543519595114496/bH7W5L4f_normal.jpg"
"14","#deals #Micromax LT666W is selling cheaper at INR 8600 today https://t.co/VlFxCURokX #paytm",FALSE,0,NA,2017-01-17 11:38:56,FALSE,NA,"821320900515508228",NA,"<a href=""http://www.fliptrak.in"" rel=""nofollow"">fliptrak-node</a>","pricetrak",0,FALSE,FALSE,NA,NA,"","en","http://pbs.twimg.com/profile_images/471706985071521792/1X8heI93_normal.png"
"15","RT @maalaimalar: <U+0BAE><U+0BC8><U+0B95><U+0BCD><U+0BB0><U+0BCB><U+0BAE><U+0BC7><U+0B95><U+0BCD><U+0BB8><U+0BCD> <U+0BB5><U+0BBF><U+0B9F><U+0BBF><U+0BAF><U+0BCB> <U+0BB8><U+0BCD><U+0BAE><U+0BBE><U+0BB0><U+0BCD><U+0B9F><U+0BCD><U+0BAA><U+0BCB><U+0BA9><U+0BCD><U+0B95><U+0BB3><U+0BCD> <U+0B85><U+0BB1><U+0BBF><U+0BAE><U+0BC1><U+0B95><U+0BAE><U+0BCD>
https://t.co/EzqBCnOmRW
#MICROMAX #Vdeo4 #smartphone #Vdeo3 https://t.co/ioy9…",FALSE,0,NA,2017-01-17 11:37:03,FALSE,NA,"821320426102157312",NA,"<a href=""http://twitter.com/download/android"" rel=""nofollow"">Twitter for Android</a>","kookleshay",12,TRUE,FALSE,NA,NA,"Nashville ","en","http://pbs.twimg.com/profile_images/764205062633717760/kEcJylKU_normal.jpg"
"16","RT @maalaimalar: <U+0BAE><U+0BC8><U+0B95><U+0BCD><U+0BB0><U+0BCB><U+0BAE><U+0BC7><U+0B95><U+0BCD><U+0BB8><U+0BCD> <U+0BB5><U+0BBF><U+0B9F><U+0BBF><U+0BAF><U+0BCB> <U+0BB8><U+0BCD><U+0BAE><U+0BBE><U+0BB0><U+0BCD><U+0B9F><U+0BCD><U+0BAA><U+0BCB><U+0BA9><U+0BCD><U+0B95><U+0BB3><U+0BCD> <U+0B85><U+0BB1><U+0BBF><U+0BAE><U+0BC1><U+0B95><U+0BAE><U+0BCD>
https://t.co/EzqBCnOmRW
#MICROMAX #Vdeo4 #smartphone #Vdeo3 https://t.co/ioy9…",FALSE,0,NA,2017-01-17 11:34:01,FALSE,NA,"821319663153913859",NA,"<a href=""http://twitter.com/download/android"" rel=""nofollow"">Twitter for Android</a>","feleciakrlsteen",12,TRUE,FALSE,NA,NA,"","en","http://pbs.twimg.com/profile_images/743450046356553730/8SuCFp1b_normal.jpg"
"17","RT @maalaimalar: <U+0BAE><U+0BC8><U+0B95><U+0BCD><U+0BB0><U+0BCB><U+0BAE><U+0BC7><U+0B95><U+0BCD><U+0BB8><U+0BCD> <U+0BB5><U+0BBF><U+0B9F><U+0BBF><U+0BAF><U+0BCB> <U+0BB8><U+0BCD><U+0BAE><U+0BBE><U+0BB0><U+0BCD><U+0B9F><U+0BCD><U+0BAA><U+0BCB><U+0BA9><U+0BCD><U+0B95><U+0BB3><U+0BCD> <U+0B85><U+0BB1><U+0BBF><U+0BAE><U+0BC1><U+0B95><U+0BAE><U+0BCD>
https://t.co/EzqBCnOmRW
#MICROMAX #Vdeo4 #smartphone #Vdeo3 https://t.co/ioy9…",FALSE,0,NA,2017-01-17 11:33:19,FALSE,NA,"821319486783520768",NA,"<a href=""http://twitter.com/download/android"" rel=""nofollow"">Twitter for Android</a>","Teamk_k91",12,TRUE,FALSE,NA,NA,"Santa Fe, NM","en","http://pbs.twimg.com/profile_images/750409443830030336/2-qN3nR0_normal.jpg"
"18","RT @maalaimalar: <U+0BAE><U+0BC8><U+0B95><U+0BCD><U+0BB0><U+0BCB><U+0BAE><U+0BC7><U+0B95><U+0BCD><U+0BB8><U+0BCD> <U+0BB5><U+0BBF><U+0B9F><U+0BBF><U+0BAF><U+0BCB> <U+0BB8><U+0BCD><U+0BAE><U+0BBE><U+0BB0><U+0BCD><U+0B9F><U+0BCD><U+0BAA><U+0BCB><U+0BA9><U+0BCD><U+0B95><U+0BB3><U+0BCD> <U+0B85><U+0BB1><U+0BBF><U+0BAE><U+0BC1><U+0B95><U+0BAE><U+0BCD>
https://t.co/EzqBCnOmRW
#MICROMAX #Vdeo4 #smartphone #Vdeo3 https://t.co/ioy9…",FALSE,0,NA,2017-01-17 11:30:34,FALSE,NA,"821318792668180480",NA,"<a href=""http://twitter.com/download/android"" rel=""nofollow"">Twitter for Android</a>","destlneedolface",12,TRUE,FALSE,NA,NA,"AZ ","en","http://pbs.twimg.com/profile_images/749333112807690240/TnqRj1RZ_normal.jpg"
"19","RT @maalaimalar: <U+0BAE><U+0BC8><U+0B95><U+0BCD><U+0BB0><U+0BCB><U+0BAE><U+0BC7><U+0B95><U+0BCD><U+0BB8><U+0BCD> <U+0BB5><U+0BBF><U+0B9F><U+0BBF><U+0BAF><U+0BCB> <U+0BB8><U+0BCD><U+0BAE><U+0BBE><U+0BB0><U+0BCD><U+0B9F><U+0BCD><U+0BAA><U+0BCB><U+0BA9><U+0BCD><U+0B95><U+0BB3><U+0BCD> <U+0B85><U+0BB1><U+0BBF><U+0BAE><U+0BC1><U+0B95><U+0BAE><U+0BCD>
https://t.co/EzqBCnOmRW
#MICROMAX #Vdeo4 #smartphone #Vdeo3 https://t.co/ioy9…",FALSE,0,NA,2017-01-17 11:28:25,FALSE,NA,"821318254979411969",NA,"<a href=""http://twitter.com/download/android"" rel=""nofollow"">Twitter for Android</a>","Charllevillegas",12,TRUE,FALSE,NA,NA,"San Juan, PR","en","http://pbs.twimg.com/profile_images/749314458648997888/CzCogT00_normal.jpg"
"20","RT @maalaimalar: <U+0BAE><U+0BC8><U+0B95><U+0BCD><U+0BB0><U+0BCB><U+0BAE><U+0BC7><U+0B95><U+0BCD><U+0BB8><U+0BCD> <U+0BB5><U+0BBF><U+0B9F><U+0BBF><U+0BAF><U+0BCB> <U+0BB8><U+0BCD><U+0BAE><U+0BBE><U+0BB0><U+0BCD><U+0B9F><U+0BCD><U+0BAA><U+0BCB><U+0BA9><U+0BCD><U+0B95><U+0BB3><U+0BCD> <U+0B85><U+0BB1><U+0BBF><U+0BAE><U+0BC1><U+0B95><U+0BAE><U+0BCD>
https://t.co/EzqBCnOmRW
#MICROMAX #Vdeo4 #smartphone #Vdeo3 https://t.co/ioy9…",FALSE,0,NA,2017-01-17 11:28:12,FALSE,NA,"821318199690035200",NA,"<a href=""http://twitter.com/download/android"" rel=""nofollow"">Twitter for Android</a>","kaybayhathaway3",12,TRUE,FALSE,NA,NA,"Pittsburg,USA","en","http://pbs.twimg.com/profile_images/743257869202628608/uc4sgUeW_normal.jpg"
"21","RT @maalaimalar: <U+0BAE><U+0BC8><U+0B95><U+0BCD><U+0BB0><U+0BCB><U+0BAE><U+0BC7><U+0B95><U+0BCD><U+0BB8><U+0BCD> <U+0BB5><U+0BBF><U+0B9F><U+0BBF><U+0BAF><U+0BCB> <U+0BB8><U+0BCD><U+0BAE><U+0BBE><U+0BB0><U+0BCD><U+0B9F><U+0BCD><U+0BAA><U+0BCB><U+0BA9><U+0BCD><U+0B95><U+0BB3><U+0BCD> <U+0B85><U+0BB1><U+0BBF><U+0BAE><U+0BC1><U+0B95><U+0BAE><U+0BCD>
https://t.co/EzqBCnOmRW
#MICROMAX #Vdeo4 #smartphone #Vdeo3 https://t.co/ioy9…",FALSE,0,NA,2017-01-17 11:26:53,FALSE,NA,"821317865114509313",NA,"<a href=""http://twitter.com/download/android"" rel=""nofollow"">Twitter for Android</a>","BAglnagalde",12,TRUE,FALSE,NA,NA,"","en","http://pbs.twimg.com/profile_images/743256813416505344/9U5FStwT_normal.jpg"
"22","<U+0BAE><U+0BC8><U+0B95><U+0BCD><U+0BB0><U+0BCB><U+0BAE><U+0BC7><U+0B95><U+0BCD><U+0BB8><U+0BCD> <U+0BB5><U+0BBF><U+0B9F><U+0BBF><U+0BAF><U+0BCB> <U+0BB8><U+0BCD><U+0BAE><U+0BBE><U+0BB0><U+0BCD><U+0B9F><U+0BCD><U+0BAA><U+0BCB><U+0BA9><U+0BCD><U+0B95><U+0BB3><U+0BCD> <U+0B85><U+0BB1><U+0BBF><U+0BAE><U+0BC1><U+0B95><U+0BAE><U+0BCD>
https://t.co/EzqBCnOmRW
#MICROMAX #Vdeo4 #smartphone #Vdeo3 https://t.co/ioy9vw74rS",FALSE,8,NA,2017-01-17 11:18:19,FALSE,NA,"821315712383905792",NA,"<a href=""http://twitter.com"" rel=""nofollow"">Twitter Web Client</a>","maalaimalar",12,FALSE,FALSE,NA,NA,"Chennai, India","en","http://pbs.twimg.com/profile_images/491094864256176128/TPBB8LN1_normal.jpeg"
"23","Micromax Vdeo 5 (Q4220) with 5.5-inch display expected to hit Indian market soon https://t.co/WMOaFW4zIn #Micromax #tech #gadgets",FALSE,0,NA,2017-01-17 10:44:24,FALSE,NA,"821307174320308224",NA,"<a href=""http://twitter.com"" rel=""nofollow"">Twitter Web Client</a>","visualanand",0,FALSE,FALSE,NA,NA,"Thiruvananthapuram, Kerala, IN","en","http://pbs.twimg.com/profile_images/427676960643219456/w2rcxItA_normal.png"
"24","#Flipkart #MICROMAX @Uber_India @Olacabs @Micromax_Mobile @Flipkart @Gurmeetramrahim
#Uber Strategically Struck #Ola
https://t.co/ggtrdFbqCJ",FALSE,4,NA,2017-01-17 10:00:26,FALSE,NA,"821296112522895361",NA,"<a href=""http://twitter.com"" rel=""nofollow"">Twitter Web Client</a>","meheksharma899",4,FALSE,FALSE,NA,NA,"New Delhi, India","en","http://pbs.twimg.com/profile_images/802486035556933633/b2xHs-Ne_normal.jpg"
"25","#Micromax Lists #VoLTE Supporting #Vdeo3 and #Vdeo4 Online; To Feature #GoogleDuo Out Of The Box.… https://t.co/29HVO4EJQm",FALSE,0,NA,2017-01-17 09:44:35,TRUE,NA,"821292121793642496",NA,"<a href=""http://twitter.com"" rel=""nofollow"">Twitter Web Client</a>","Smartprix",1,FALSE,FALSE,NA,NA,"","en","http://pbs.twimg.com/profile_images/575988122682462208/KfQDcG_p_normal.png"
"26","Micromax Vdeo 4 Specifications #micromax https://t.co/yOOt90sruZ",FALSE,0,NA,2017-01-17 09:31:03,FALSE,NA,"821288715410702336",NA,"<a href=""http://dragplus.com"" rel=""nofollow"">DragPlus</a>","Windows_agent",0,FALSE,FALSE,NA,NA,"","en","http://pbs.twimg.com/profile_images/427769896391286784/2m1jnadq_normal.png"
"27","RT @PhoneBunch: #Micromax set to launch Vdeo 3 and Vdeo 4 smartphones with shatter-proof display, 4000 mAh battery - https://t.co/PojzGGPcqA",FALSE,0,NA,2017-01-17 08:50:24,FALSE,NA,"821278485704364032",NA,"<a href=""http://twitter.com/download/android"" rel=""nofollow"">Twitter for Android</a>","mario123007",3,TRUE,FALSE,NA,NA,"","zh-tw","http://pbs.twimg.com/profile_images/810394280854310912/Y5Y1NQim_normal.jpg"
"28","Micromax Vdeo3 and Vdeo4 with 4G VoLTE support listed online https://t.co/x18j51JAdm #Micromax #MicromaxVdeo3",FALSE,0,NA,2017-01-17 08:40:19,FALSE,NA,"821275948238544897",NA,"<a href=""https://dlvrit.com/"" rel=""nofollow"">dlvr.it</a>","sk__671",0,FALSE,FALSE,NA,NA,"India","en","http://pbs.twimg.com/profile_images/1560490012/royalenfield_mechismo500_3_normal.jpg"
"29","RT @Real_Sonal: #videocalling, #smartphone, #jio4G, #SIM
#Micromax <U+0932><U+093E><U+092F><U+093E> <U+0910><U+0938><U+0947> #<U+092B><U+0940><U+091A><U+0930><U+094D><U+0938>, <U+091C><U+093F><U+0938><U+0947> <U+0938><U+0941><U+0928><U+0915><U+0930> <U+0916><U+0941><U+0936><U+0940> <U+0938><U+0947> <U+091D><U+0942><U+092E> <U+0909><U+0920><U+0947><U+0902><U+0917><U+0947> <U+0906><U+092A>
https://t.co/3zjk72Z4…",FALSE,0,NA,2017-01-17 08:39:13,FALSE,NA,"821275672777789441",NA,"<a href=""http://twitter.com/download/android"" rel=""nofollow"">Twitter for Android</a>","agrwal_akhil",1,TRUE,FALSE,NA,NA,"Swaroop Nagar, Kanpur, BHARAT","en","http://pbs.twimg.com/profile_images/802176493392568320/n3fZ3CIP_normal.jpg"
"30","#videocalling, #smartphone, #jio4G, #SIM
#Micromax <U+0932><U+093E><U+092F><U+093E> <U+0910><U+0938><U+0947> #<U+092B><U+0940><U+091A><U+0930><U+094D><U+0938>, <U+091C><U+093F><U+0938><U+0947> <U+0938><U+0941><U+0928><U+0915><U+0930> <U+0916><U+0941><U+0936><U+0940> <U+0938><U+0947> <U+091D><U+0942><U+092E> <U+0909><U+0920><U+0947><U+0902><U+0917><U+0947> <U+0906><U+092A>
https://t.co/3zjk72Z4vp",FALSE,0,NA,2017-01-17 08:37:26,FALSE,NA,"821275223525826561",NA,"<a href=""http://twitter.com"" rel=""nofollow"">Twitter Web Client</a>","Real_Sonal",1,FALSE,FALSE,NA,NA,"India","en","http://pbs.twimg.com/profile_images/742282531962126336/ueoYVc7Y_normal.jpg"
"31","RT @PhoneBunch: #Micromax set to launch Vdeo 3 and Vdeo 4 smartphones with shatter-proof display, 4000 mAh battery - https://t.co/PojzGGPcqA",FALSE,0,NA,2017-01-17 08:24:24,FALSE,NA,"821271942082727937",NA,"<a href=""http://www.tweetcaster.com"" rel=""nofollow"">TweetCaster for Android</a>","JanuzajtheRed",3,TRUE,FALSE,NA,NA,"India","en","http://pbs.twimg.com/profile_images/782922819285966848/WMvb0I7l_normal.jpg"
"32","RT @PhoneBunch: #Micromax set to launch Vdeo 3 and Vdeo 4 smartphones with shatter-proof display, 4000 mAh battery - https://t.co/PojzGGPcqA",FALSE,0,NA,2017-01-17 07:19:45,FALSE,NA,"821255672813629440",NA,"<a href=""http://twitter.com"" rel=""nofollow"">Twitter Web Client</a>","jeet_channa",3,TRUE,FALSE,NA,NA,"New Delhi, Delhi","en","http://pbs.twimg.com/profile_images/646230079593316352/zgv7mC_C_normal.jpg"
"33","<U+092E><U+093E><U+0907><U+0915><U+094D><U+0930><U+094B><U+092E><U+0948><U+0915><U+094D><U+0938> <U+0928><U+0947> <U+092D><U+093E><U+0930><U+0924> <U+092E><U+0947><U+0902> <U+092A><U+0947><U+0936> <U+0915><U+093F><U+090F> <U+0935><U+0940><U+0921><U+093F><U+092F><U+094B> 3 <U+0914><U+0930> <U+0935><U+0940><U+0921><U+093F><U+092F><U+094B> 4 <U+0938><U+094D><U+092E><U+093E><U+0930><U+094D><U+091F><U+092B><U+094B><U+0928> https://t.co/Kr2xddZu80 #Micromax #India #Video3… https://t.co/zN8sN5D2fy",FALSE,0,NA,2017-01-17 07:09:32,TRUE,NA,"821253104238661633",NA,"<a href=""https://about.twitter.com/products/tweetdeck"" rel=""nofollow"">TweetDeck</a>","Ikesari0001",0,FALSE,FALSE,NA,NA,"Jalandhar, India","en-gb","http://pbs.twimg.com/profile_images/638626560522653697/4z1mQLxN_normal.jpg"
"34","It is quite difficult to find all the #Micromax mobiles under one roof due to its countless range. Find them all @… https://t.co/W1vUy3LxdO",FALSE,0,NA,2017-01-17 06:45:17,TRUE,NA,"821246999689314305",NA,"<a href=""http://www.hootsuite.com"" rel=""nofollow"">Hootsuite</a>","pricejugaad",0,FALSE,FALSE,NA,NA,"India","en","http://pbs.twimg.com/profile_images/606728515388502016/Aj6XgQJt_normal.png"
"35","#Micromax Vdeo 4 Full Specifications, Image Gallery - #Vdeo4 https://t.co/DkE7rlPgah",FALSE,1,NA,2017-01-17 06:25:06,FALSE,NA,"821241920592773121",NA,"<a href=""http://www.hootsuite.com"" rel=""nofollow"">Hootsuite</a>","PhoneBunch",0,FALSE,FALSE,NA,NA,"New Delhi, Delhi","en","http://pbs.twimg.com/profile_images/672417655672844289/To2PtmTL_normal.png"
"36","#Micromax set to launch Vdeo 3 and Vdeo 4 smartphones with shatter-proof display, 4000 mAh battery - https://t.co/PojzGGPcqA",FALSE,6,NA,2017-01-17 06:06:16,FALSE,NA,"821237180492173312",NA,"<a href=""http://www.hootsuite.com"" rel=""nofollow"">Hootsuite</a>","PhoneBunch",3,FALSE,FALSE,NA,NA,"New Delhi, Delhi","en","http://pbs.twimg.com/profile_images/672417655672844289/To2PtmTL_normal.png"
"37","New launch #Micromax
Q4202  #Vdeo3 now available for Rs.5749/- only 
Specifications-

4G VOLTE 
Quad core...… https://t.co/DsAZYKu4FS",FALSE,0,NA,2017-01-17 05:41:06,TRUE,NA,"821230846078287872",NA,"<a href=""http://twitter.com/download/android"" rel=""nofollow"">Twitter for Android</a>","MAHESHTELECOM",0,FALSE,FALSE,NA,NA,"Mumbai, India","en","http://pbs.twimg.com/profile_images/774918205823475712/J_Zmozvk_normal.jpg"
"38","RT @MAHESHTELECOM: New launch #Micromax
Q4202  #Vdeo3 now available for Rs.5749/- only 
Specifications-

... https://t.co/iP9APmKL9r https:…",FALSE,0,NA,2017-01-17 03:47:00,FALSE,NA,"821202134322421760",NA,"<a href=""http://twitter.com/download/android"" rel=""nofollow"">Twitter for Android</a>","iManishKhatri",1,TRUE,FALSE,NA,NA,"Mumbai, India","en","http://pbs.twimg.com/profile_images/818414059661856768/wVU6F9DE_normal.jpg"
"39","New launch #Micromax
Q4202  #Vdeo3 now available for Rs.5749/- only 
Specifications-

... https://t.co/iP9APmKL9r https://t.co/CElE6RoWi0",FALSE,0,NA,2017-01-17 03:40:33,FALSE,NA,"821200512120852480",NA,"<a href=""http://twitter.com/download/android"" rel=""nofollow"">Twitter for Android</a>","MAHESHTELECOM",1,FALSE,FALSE,NA,NA,"Mumbai, India","en","http://pbs.twimg.com/profile_images/774918205823475712/J_Zmozvk_normal.jpg"
"40","New launch #Micromax
Q4202  #Vdeo3 now available for Rs.5749/- only 
Specifications-

4G VOLTE 
Quad core... https://t.co/iP9APmKL9r",FALSE,0,NA,2017-01-17 03:39:25,FALSE,NA,"821200227021504512",NA,"<a href=""http://www.facebook.com/twitter"" rel=""nofollow"">Facebook</a>","MAHESHTELECOM",0,FALSE,FALSE,NA,NA,"Mumbai, India","en","http://pbs.twimg.com/profile_images/774918205823475712/J_Zmozvk_normal.jpg"
"41","#deals #Micromax LT666W is selling cheaper at INR 8600 today https://t.co/VlFxCURokX #paytm",FALSE,0,NA,2017-01-16 23:11:30,FALSE,NA,"821132803601408000",NA,"<a href=""http://www.fliptrak.in"" rel=""nofollow"">fliptrak-node</a>","pricetrak",0,FALSE,FALSE,NA,NA,"","en","http://pbs.twimg.com/profile_images/471706985071521792/1X8heI93_normal.png"
"42","TI archive: Micromax Promises to Launch the YUTOPIA https://t.co/QRgM6sGA3t #micromax #samrtphone #yutopia",FALSE,0,NA,2017-01-16 22:22:44,FALSE,NA,"821120528849268739",NA,"<a href=""http://www.ajaymatharu.com/"" rel=""nofollow"">Tweet Old Post</a>","techislet",0,FALSE,FALSE,NA,NA,"Lagos, Nigeria","en","http://pbs.twimg.com/profile_images/640893185158352896/TMGmsF0r_normal.png"
"43","#deals #Micromax LT666W is selling cheaper at INR 8600 today https://t.co/VlFxCURokX #paytm",FALSE,0,NA,2017-01-16 20:04:41,FALSE,NA,"821085789475913728",NA,"<a href=""http://www.fliptrak.in"" rel=""nofollow"">fliptrak-node</a>","pricetrak",0,FALSE,FALSE,NA,NA,"","en","http://pbs.twimg.com/profile_images/471706985071521792/1X8heI93_normal.png"
"44","Micromax Vdeo 3, Vdeo 4 Smartphones Launched https://t.co/jmFdruPRL2 #MICROMAX #Vdeo3 #Vdeo4 #Smartphone #Gadgets #TechNews #Tech #India",FALSE,0,NA,2017-01-16 18:42:17,FALSE,NA,"821065051805249536",NA,"<a href=""http://twitter.com/download/android"" rel=""nofollow"">Twitter for Android</a>","prashant_kstar",0,FALSE,FALSE,NA,NA,"INDIA","en","http://pbs.twimg.com/profile_images/816739687624744960/cBYHoFDM_normal.jpg"
"45","#MICROMAX vdeo 3 vdeo 4 <U+092D><U+093E><U+0930><U+0924> <U+092E><U+0947><U+0902> <U+0906><U+092F><U+093E>, <U+091C><U+093E><U+0928><U+093F><U+090F> <U+0916><U+093E><U+0938> <U+092B><U+0940><U+091A><U+0930><U+094D><U+0938>
https://t.co/IWbAaaQccy",FALSE,0,NA,2017-01-16 18:18:18,FALSE,NA,"821059014566047744",NA,"<a href=""http://twitter.com"" rel=""nofollow"">Twitter Web Client</a>","NewsStateHindi",0,FALSE,FALSE,NA,NA,"Noida, India","en","http://pbs.twimg.com/profile_images/776051636217061376/MVoZVajN_normal.jpg"
"46","#Micromax #MicromaxVdeo3 #MicromaxVdeo4 #Vdeo3 #Vdeo4 #Smartphones #Smartphone #Gadgets #TechNews #Tech #India https://t.co/1sjJqBM68c",FALSE,0,NA,2017-01-16 18:09:26,FALSE,NA,"821056785448632321",NA,"<a href=""http://twitter.com/download/android"" rel=""nofollow"">Twitter for Android</a>","rajtgaur",0,FALSE,FALSE,NA,NA,"INDIA","en","http://pbs.twimg.com/profile_images/799602036417306624/qod2HWkf_normal.jpg"
"47","#Micromax #Vdeo4 with Google Duo Pre loaded: Price, Specifications and Features -... https://t.co/OyPgmqeavy",FALSE,1,NA,2017-01-16 17:31:04,FALSE,NA,"821047127266693121",NA,"<a href=""http://linkis.com"" rel=""nofollow"">Put your button on any page! </a>","firoz_rrp",0,FALSE,FALSE,NA,NA,"","en","http://pbs.twimg.com/profile_images/783682268489355264/0qQQLJCl_normal.jpg"
"48","#Micromax #Vdeo3 and #Vdeo4 listed online https://t.co/5dMO1LgyHc #phones #specifications",FALSE,0,NA,2017-01-16 16:07:24,FALSE,NA,"821026073659969537",NA,"<a href=""http://www.google.com/"" rel=""nofollow"">Google</a>","newzars",0,FALSE,FALSE,NA,NA,"India","en","http://pbs.twimg.com/profile_images/378800000537043963/b6712bc823064eedd8b60625c249936e_normal.png"
"49","Micromax Vdeo 3 and Vdeo 4 with metal back, 4G VoLTE launching soon https://t.co/4YCVh5UL7v #India #Micromax",FALSE,0,NA,2017-01-16 15:36:23,FALSE,NA,"821018268550897664",NA,"<a href=""https://dlvrit.com/"" rel=""nofollow"">dlvr.it</a>","sk__671",0,FALSE,FALSE,NA,NA,"India","en","http://pbs.twimg.com/profile_images/1560490012/royalenfield_mechismo500_3_normal.jpg"
"50","#Micromax #Funbook : Fully Loaded Educational Tablet PC [Review] https://t.co/KJFllnzvb7 #gadgets #Tech",FALSE,0,NA,2017-01-16 14:59:57,FALSE,NA,"821009100645355521",NA,"<a href=""http://www.ajaymatharu.com/"" rel=""nofollow"">Tweet Old Post</a>","HackTikDotCom",0,FALSE,FALSE,NA,NA,"New Delhi, India","en","http://pbs.twimg.com/profile_images/1623655500/my_Logo_normal.png"
"51","RT @Pricebaba: Exclusive: We can now confirm from our sources that #Micromax Vdeo 5 (Q4220) is all set to arrive in India. https://t.co/8ew…",FALSE,0,NA,2017-01-16 14:45:08,FALSE,NA,"821005369719689216",NA,"<a href=""http://twitter.com"" rel=""nofollow"">Twitter Web Client</a>","sanand1979",3,TRUE,FALSE,NA,NA,"Chennai, India","en","http://pbs.twimg.com/profile_images/814356892084420608/nZbm2SlK_normal.jpg"
"52","RT @Pricebaba: Exclusive: We can now confirm from our sources that #Micromax Vdeo 5 (Q4220) is all set to arrive in India. https://t.co/8ew…",FALSE,0,NA,2017-01-16 14:06:26,FALSE,NA,"820995632986931201",NA,"<a href=""http://tapbots.com/tweetbot"" rel=""nofollow"">Tweetbot for i<U+039F>S</a>","annkur",3,TRUE,FALSE,NA,NA,"Mumbai, India","en","http://pbs.twimg.com/profile_images/657426530918932480/ReMZdK3q_normal.jpg"
"53","RT @Pricebaba: Exclusive: We can now confirm from our sources that #Micromax Vdeo 5 (Q4220) is all set to arrive in India. https://t.co/8ew…",FALSE,0,NA,2017-01-16 13:47:29,FALSE,NA,"820990860846366720",NA,"<a href=""http://www.tweetcaster.com"" rel=""nofollow"">TweetCaster for Android</a>","JanuzajtheRed",3,TRUE,FALSE,NA,NA,"India","en","http://pbs.twimg.com/profile_images/782922819285966848/WMvb0I7l_normal.jpg"
"54","RT @Pricebaba: Micromax Vdeo 3 and Micromax Vdeo 4 Announced In India
https://t.co/67UCAnRrW3
#Pricebaba #MICROMAX
#Vdeo3 #Vdeo4 https://t.…",FALSE,0,NA,2017-01-16 13:47:27,FALSE,NA,"820990853825044484",NA,"<a href=""http://www.tweetcaster.com"" rel=""nofollow"">TweetCaster for Android</a>","JanuzajtheRed",1,TRUE,FALSE,NA,NA,"India","en","http://pbs.twimg.com/profile_images/782922819285966848/WMvb0I7l_normal.jpg"
"55","Exclusive: We can now confirm from our sources that #Micromax Vdeo 5 (Q4220) is all set to arrive in India.… https://t.co/TmqmC1Ct2O",FALSE,2,NA,2017-01-16 13:44:25,TRUE,NA,"820990088578375682",NA,"<a href=""https://about.twitter.com/products/tweetdeck"" rel=""nofollow"">TweetDeck</a>","Pricebaba",3,FALSE,FALSE,NA,NA,"Mumbai","en","http://pbs.twimg.com/profile_images/743750090439823361/O4r6lRTX_normal.jpg"
"56","Micromax Vdeo 3 and Micromax Vdeo 4 Announced In India
https://t.co/67UCAnRrW3
#Pricebaba #MICROMAX
#Vdeo3 #Vdeo4 https://t.co/84CiNtTxwp",FALSE,1,NA,2017-01-16 13:19:01,FALSE,NA,"820983699160334336",NA,"<a href=""https://about.twitter.com/products/tweetdeck"" rel=""nofollow"">TweetDeck</a>","Pricebaba",1,FALSE,FALSE,NA,NA,"Mumbai","en","http://pbs.twimg.com/profile_images/743750090439823361/O4r6lRTX_normal.jpg"
"57","#Micromax Vdeo 3 with 4G VoLTE spotted Online: Price, Specs, Features https://t.co/P17vwCye6b https://t.co/dEn1ncKaQa",FALSE,0,NA,2017-01-16 13:12:40,FALSE,NA,"820982099108888576",NA,"<a href=""http://publicize.wp.com/"" rel=""nofollow"">WordPress.com</a>","intabloid",0,FALSE,FALSE,NA,NA,"","en","http://pbs.twimg.com/profile_images/774993937110937600/_pOGTmso_normal.jpg"
"58","Micromax Vdeo 3 is Listed online with 4G VoLTE Support https://t.co/74LzFlYcrj #android #latestsmartphones #micromax",FALSE,0,NA,2017-01-16 11:45:57,FALSE,NA,"820960275893514240",NA,"<a href=""http://www.google.com/"" rel=""nofollow"">Google</a>","gogoogleandroid",0,FALSE,FALSE,NA,NA,"","en","http://pbs.twimg.com/profile_images/2919651873/9d8a50c95dc564a1dc3a2ae3788cf847_normal.png"
"59","RT @togofogo: Get the best &amp; durable #Micromax #SmartPhones only on #TogoFogo .
Shop now: https://t.co/v4oLUAp8Bu https://t.co/nN93EXANgl",FALSE,0,NA,2017-01-16 08:40:14,FALSE,NA,"820913538407550976",NA,"<a href=""http://twitter.com/download/android"" rel=""nofollow"">Twitter for Android</a>","RAJATGU23916714",1,TRUE,FALSE,NA,NA,"Jaipur,Rajasthan","en","http://pbs.twimg.com/profile_images/819396389285359616/m_s1nEZx_normal.jpg"
"60","Get the best &amp; durable #Micromax #SmartPhones only on #TogoFogo .
Shop now: https://t.co/v4oLUAp8Bu https://t.co/nN93EXANgl",FALSE,1,NA,2017-01-16 08:40:08,FALSE,NA,"820913515951247360",NA,"<a href=""http://www.hootsuite.com"" rel=""nofollow"">Hootsuite</a>","togofogo",1,FALSE,FALSE,NA,NA,"Noida","en","http://pbs.twimg.com/profile_images/818375612083486722/57gJ8o-V_normal.jpg"
"61","PRICE DROPPED!! #MICROMAX #X59, #X591, #X603, #X701
All customers who purchased in the last 30 days can walk into... https://t.co/Yk60eD9If9",FALSE,0,NA,2017-01-16 08:08:20,FALSE,NA,"820905514229964800",NA,"<a href=""http://www.facebook.com/twitter"" rel=""nofollow"">Facebook</a>","SangeethaMobile",0,FALSE,FALSE,NA,NA,"bangalore","en","http://pbs.twimg.com/profile_images/2855382134/021b8f48531753ad541723b6cf0a0be1_normal.png"
"62","#deals #Micromax LT666W is selling cheaper at INR 8600 today https://t.co/VlFxCURokX #paytm",FALSE,0,NA,2017-01-16 07:38:21,FALSE,NA,"820897968261709825",NA,"<a href=""http://www.fliptrak.in"" rel=""nofollow"">fliptrak-node</a>","pricetrak",0,FALSE,FALSE,NA,NA,"","en","http://pbs.twimg.com/profile_images/471706985071521792/1X8heI93_normal.png"
"63","#Micromax Canvas Knight 2 with 4G at Rs. 7499 Only. Buy Now https://t.co/t6iA96Nppw https://t.co/ezSSerxrUK",FALSE,0,NA,2017-01-16 06:48:50,FALSE,NA,"820885504770142208",NA,"<a href=""http://twitter.com"" rel=""nofollow"">Twitter Web Client</a>","mylatestprice",0,FALSE,FALSE,NA,NA,"","en","http://pbs.twimg.com/profile_images/675312078412902400/pFcNqBhY_normal.png"
"64","#deals #Micromax LT666W is selling cheaper at INR 8600 today https://t.co/VlFxCV8ZJx #paytm",FALSE,0,NA,2017-01-16 06:05:04,FALSE,NA,"820874492352331778",NA,"<a href=""http://www.fliptrak.in"" rel=""nofollow"">fliptrak-node</a>","pricetrak",0,FALSE,FALSE,NA,NA,"","en","http://pbs.twimg.com/profile_images/471706985071521792/1X8heI93_normal.png"
"65","RT @BCCI: HYD v SER: Services 306 &amp; 285, Hyderabad 338 &amp; 52/1. Match drawn, Hyderabad took 1st Innings lead #Micromax #RanjiTrophy",FALSE,0,NA,2017-01-15 20:17:53,FALSE,NA,"820726721771143170",NA,"<a href=""http://twitter.com/download/android"" rel=""nofollow"">Twitter for Android</a>","nileshjainsahab",102,TRUE,FALSE,NA,NA,"Indore, India","en","http://pbs.twimg.com/profile_images/758764160750645252/TB4-fqdq_normal.jpg"
"66","#deals #Micromax Canvas A1 Android One (White, 8GB) is selling cheaper by 9% at INR 3899 today https://t.co/Uj5oxRjvnk #amazonin",FALSE,0,NA,2017-01-15 18:25:11,FALSE,NA,"820698359832809472",NA,"<a href=""http://www.fliptrak.in"" rel=""nofollow"">fliptrak-node</a>","pricetrak",0,FALSE,FALSE,NA,NA,"","en","http://pbs.twimg.com/profile_images/471706985071521792/1X8heI93_normal.png"
"67","#deals #Micromax 81cm (32) HD Ready Smart LED TV is selling cheaper at INR 18990 today https://t.co/6xLYVaoVzm #flipkart",FALSE,0,NA,2017-01-15 11:10:17,FALSE,NA,"820588914528296960",NA,"<a href=""http://www.fliptrak.in"" rel=""nofollow"">fliptrak-node</a>","pricetrak",0,FALSE,FALSE,NA,NA,"","en","http://pbs.twimg.com/profile_images/471706985071521792/1X8heI93_normal.png"
"68","#deals #Micromax 81cm (32) HD Ready Smart LED TV is selling cheaper at INR 18990 today https://t.co/6xLYVaoVzm #flipkart",FALSE,0,NA,2017-01-15 00:57:45,FALSE,NA,"820434765069176832",NA,"<a href=""http://www.fliptrak.in"" rel=""nofollow"">fliptrak-node</a>","pricetrak",0,FALSE,FALSE,NA,NA,"","en","http://pbs.twimg.com/profile_images/471706985071521792/1X8heI93_normal.png"
"69","#deals #Micromax 60cm (23.6) HD Ready LED TV is selling cheaper at INR 9790 today https://t.co/4Z0w9CM1K9 #flipkart",FALSE,0,NA,2017-01-14 22:03:12,FALSE,NA,"820390837339045888",NA,"<a href=""http://www.fliptrak.in"" rel=""nofollow"">fliptrak-node</a>","pricetrak",0,FALSE,FALSE,NA,NA,"","en","http://pbs.twimg.com/profile_images/471706985071521792/1X8heI93_normal.png"
"70","Get Onlíne the Mícromax Mobíles Príce Líst ín Indía https://t.co/JmkKkQDUg0 TECH - MOBILES #india #list #micromax CLASSIFIEDS ADS GRATIS",FALSE,0,NA,2017-01-14 16:57:29,FALSE,NA,"820313901845909504",NA,"<a href=""http://www.megalegit.com/market"" rel=""nofollow"">megalegit integration</a>","updatesbot",0,FALSE,FALSE,NA,NA,"FREE CLASSIFIEDS ADS ADVERTS","en","http://pbs.twimg.com/profile_images/761276565959249924/OeqZbo7F_normal.jpg"
"71","RT @BCCI: HYD v SER: Services 306 &amp; 285, Hyderabad 338 &amp; 52/1. Match drawn, Hyderabad took 1st Innings lead #Micromax #RanjiTrophy",FALSE,0,NA,2017-01-14 14:36:34,FALSE,NA,"820278437525024768",NA,"<a href=""http://twitter.com/download/android"" rel=""nofollow"">Twitter for Android</a>","1096girdhari",102,TRUE,FALSE,NA,NA,"Bokaro Steel City, India","en","http://pbs.twimg.com/profile_images/820275090759753728/jpmDuKbb_normal.jpg"
"72","Flat 41% Off Micromax 81cm (31.5) HD Ready LED TV. #Flipkart #Home #Entertainment #LED #TV #Micromax #Deals https://t.co/6GBtrjGw7x",FALSE,0,NA,2017-01-14 11:13:16,FALSE,NA,"820227274590982144",NA,"<a href=""https://about.twitter.com/products/tweetdeck"" rel=""nofollow"">TweetDeck</a>","shrey_RCBian",0,FALSE,FALSE,NA,NA,"Bengaluru, India","en","http://pbs.twimg.com/profile_images/805461969457266690/7svq1Zrh_normal.jpg"
"73","Bought myself a #Micromax #Canvas tab. Can't peel off the protective tab cover by myself. Hope that's not a bad omen!",FALSE,0,NA,2017-01-14 10:15:56,FALSE,NA,"820212850287255552",NA,"<a href=""http://twitter.com/download/android"" rel=""nofollow"">Twitter for Android</a>","DebeshiGooptu",0,FALSE,FALSE,NA,NA,"Gurgaon","en","http://pbs.twimg.com/profile_images/817244833894932481/0t_JujRK_normal.jpg"
"74","#deals #Micromax Canvas Nitro A311 is selling cheaper at INR 6499 today https://t.co/vVLAnphITi #snapdeal",FALSE,0,NA,2017-01-14 10:01:10,FALSE,NA,"820209131600515072",NA,"<a href=""http://www.fliptrak.in"" rel=""nofollow"">fliptrak-node</a>","pricetrak",0,FALSE,FALSE,NA,NA,"","en","http://pbs.twimg.com/profile_images/471706985071521792/1X8heI93_normal.png"
"75","Flat 41% Off Micromax 81cm (31.5) HD Ready LED TV. #Flipkart #Home #Entertainment #LED #TV #Micromax #Deals https://t.co/HmQlC4KAiE",FALSE,0,NA,2017-01-14 09:43:06,FALSE,NA,"820204585218211840",NA,"<a href=""http://whatteydeals.in"" rel=""nofollow"">Whatteydeal</a>","WhateyDeal",0,FALSE,FALSE,NA,NA,"","en-gb","http://pbs.twimg.com/profile_images/741992124908855296/eSEwHomg_normal.jpg"
"76","Don't go anywhere for best discount on LED TV. 
Now you can also buy #Micromax LED TV upto 30% Off. 
Order Now:… https://t.co/0ulnlvc8VC",FALSE,0,NA,2017-01-14 07:20:11,TRUE,NA,"820168619594305536",NA,"<a href=""http://www.hootsuite.com"" rel=""nofollow"">Hootsuite</a>","togofogo",0,FALSE,FALSE,NA,NA,"Noida","en","http://pbs.twimg.com/profile_images/818375612083486722/57gJ8o-V_normal.jpg"
"77","Flat 51% Off Micromax Unite 2 A106 (Grey, 8GB) #Amazon #Mobile #Micromax #Smartphones #Android #Kitkat #Deals https://t.co/mdRiZuCx1g",FALSE,0,NA,2017-01-14 07:04:56,FALSE,NA,"820164783194263552",NA,"<a href=""http://whatteydeals.in"" rel=""nofollow"">Whatteydeal</a>","WhateyDeal",0,FALSE,FALSE,NA,NA,"","en-gb","http://pbs.twimg.com/profile_images/741992124908855296/eSEwHomg_normal.jpg"
"78","#deals #Micromax Gsm Others Bar Dual Sim Mobile Phone X344- Black is selling cheaper at INR 1349 today https://t.co/QN52dTZ00W #snapdeal",FALSE,1,NA,2017-01-13 19:12:56,FALSE,NA,"819985599490715648",NA,"<a href=""http://www.fliptrak.in"" rel=""nofollow"">fliptrak-node</a>","pricetrak",0,FALSE,FALSE,NA,NA,"","en","http://pbs.twimg.com/profile_images/471706985071521792/1X8heI93_normal.png"
"79","@rahulsharma wtf is your company doing not a single upgrade to a single @Micromax_Mobile totally disgusting. Will never ever buy a #micromax",FALSE,0,"rahulsharma",2017-01-13 18:57:20,FALSE,NA,"819981675149017089","2847225740","<a href=""http://twitter.com/download/android"" rel=""nofollow"">Twitter for Android</a>","meGomsi",0,FALSE,FALSE,NA,NA,"Chandigarh, India","en","http://pbs.twimg.com/profile_images/815945316226760704/qn4-fmER_normal.jpg"
"80","RT @comparetrap: #Micromax #Canvas 6 #Pro #price and #specifications in India
4GB RAM | 16 GB Memory | 4G Network
#canvas6pro
https://t.co/…",FALSE,0,NA,2017-01-13 18:41:18,FALSE,NA,"819977638290878464",NA,"<a href=""http://twitter.com"" rel=""nofollow"">Twitter Web Client</a>","jyotikumari96",2,TRUE,FALSE,NA,NA,"Chennai, India","en","http://pbs.twimg.com/profile_images/819973607598260224/dCIcO1Wc_normal.jpg"
"81","RT @GR8_Stars: #asin with #hubby rahulsharma founder of #micromax #couplegoals #madeforeachother https://t.co/nNcYtB01Qt",FALSE,0,NA,2017-01-13 18:37:56,FALSE,NA,"819976791641169922",NA,"<a href=""http://twitter.com/download/android"" rel=""nofollow"">Twitter for Android</a>","Vishnihari1",2,TRUE,FALSE,NA,NA,"Kanchipuram, India","en","http://pbs.twimg.com/profile_images/717255945617682432/u6aN7Xog_normal.jpg"
"82","#micromaxcareless #micromaxlabtab #micromax. my friend told me that dont go for micromax but i didn't listen. mistake........<ed><U+00A0><U+00BD><ed><U+00B8><U+00A1><ed><U+00A0><U+00BD><ed><U+00B8><U+00A1><ed><U+00A0><U+00BD><ed><U+00B8><U+00A1><ed><U+00A0><U+00BD><ed><U+00B8><U+00A1><ed><U+00A0><U+00BD><ed><U+00B8><U+00A1><ed><U+00A0><U+00BD><ed><U+00B8><U+00A1><ed><U+00A0><U+00BD><ed><U+00B8><U+00A1>",FALSE,0,NA,2017-01-13 16:36:10,FALSE,NA,"819946149381488640",NA,"<a href=""http://twitter.com"" rel=""nofollow"">Twitter Web Client</a>","TanmoyMitra9",0,FALSE,FALSE,NA,NA,"Kolkata, India","en","http://pbs.twimg.com/profile_images/674661874080727040/pYt3gRJC_normal.jpg"
"83","Micromax taking 15 days to repair a motherboard of laptab.what the hell!!either you dont buy micromax or relocate to gurgaon.#micromax",FALSE,0,NA,2017-01-13 16:30:20,FALSE,NA,"819944683140837376",NA,"<a href=""http://twitter.com"" rel=""nofollow"">Twitter Web Client</a>","TanmoyMitra9",0,FALSE,FALSE,NA,NA,"Kolkata, India","en","http://pbs.twimg.com/profile_images/674661874080727040/pYt3gRJC_normal.jpg"
"84","Flat 51% Off Micromax 127 cm (50) Full HD LED Television #Snapdeal #Electronics #LED #TV #Micromax #FullHD #Deals https://t.co/sLuLTnXwvA",FALSE,0,NA,2017-01-13 10:41:56,FALSE,NA,"819857003166109697",NA,"<a href=""http://whatteydeals.in"" rel=""nofollow"">Whatteydeal</a>","WhateyDeal",0,FALSE,FALSE,NA,NA,"","en-gb","http://pbs.twimg.com/profile_images/741992124908855296/eSEwHomg_normal.jpg"
"85","#deals #Micromax Canvas Knight 2 16gb White is selling cheaper at INR 7999 today https://t.co/3BzYhAwGKQ #snapdeal",FALSE,0,NA,2017-01-13 09:31:18,FALSE,NA,"819839226183196672",NA,"<a href=""http://www.fliptrak.in"" rel=""nofollow"">fliptrak-node</a>","pricetrak",0,FALSE,FALSE,NA,NA,"","en","http://pbs.twimg.com/profile_images/471706985071521792/1X8heI93_normal.png"
"86","Wonderful PRICE DROP on #MICROMAX Q465
All customers who purchased in the last 30 days can walk into the nearest... https://t.co/X4BMDW5XsE",FALSE,0,NA,2017-01-13 09:18:27,FALSE,NA,"819835993490673665",NA,"<a href=""http://www.facebook.com/twitter"" rel=""nofollow"">Facebook</a>","SangeethaMobile",0,FALSE,FALSE,NA,NA,"bangalore","en","http://pbs.twimg.com/profile_images/2855382134/021b8f48531753ad541723b6cf0a0be1_normal.png"
"87","RT @luckystarsapp: Win this #Micromax 50 inch Full HD LED TV for Free, only on the Lucky Stars App, as a part of the Bumper Draw. #LuckySta…",FALSE,0,NA,2017-01-13 02:08:04,FALSE,NA,"819727686494920706",NA,"<a href=""http://twitter.com/download/android"" rel=""nofollow"">Twitter for Android</a>","rkj14389",36,TRUE,FALSE,NA,NA,"<U+092E><U+0941><U+0902><U+092C><U+0908>, <U+092D><U+093E><U+0930><U+0924>","en","http://pbs.twimg.com/profile_images/807467231823142913/_lAfF8-u_normal.jpg"
"88","RT @luckystarsapp: Congratulations Mani Bansal, #MegaDraw Winner on winning #Micromax 32 inch HD LED TV for Free! Thank You for being a par…",FALSE,0,NA,2017-01-12 16:11:28,FALSE,NA,"819577545905606656",NA,"<a href=""http://twitter.com/download/android"" rel=""nofollow"">Twitter for Android</a>","ANUPAMINUVA",13,TRUE,FALSE,NA,NA,"","en","http://pbs.twimg.com/profile_images/820446555543109633/0iU6WQw0_normal.jpg"
"89","#micromax <U+043F><U+0440><U+043E><U+0433><U+0440><U+0430><U+043C><U+043C><U+0430> <U+0434><U+043B><U+044F> <U+0441><U+0435><U+043B><U+0444><U+0438> <U+043F><U+0430><U+043B><U+043A><U+0438> https://t.co/wuTHpGxgQL",FALSE,1,NA,2017-01-12 11:35:07,FALSE,NA,"819507998452285440",NA,"<a href=""http://guillity.ru"" rel=""nofollow"">TwilasBot</a>","tiajaden81",0,FALSE,FALSE,NA,NA,"<U+0423><U+0444><U+0430>","ru","http://pbs.twimg.com/profile_images/483195810306224131/vsCeQky2_normal.jpeg"
"90","#Micromax 2 in 1 #Laptops from Rs.10499
https://t.co/RI4ukTR0Eb

#Flipkart #Deals #Offers #OnlineDeals https://t.co/HEBppkKtdN",FALSE,0,NA,2017-01-12 10:45:01,FALSE,NA,"819495393293692928",NA,"<a href=""http://bufferapp.com"" rel=""nofollow"">Buffer</a>","SmartGizmoDeals",0,FALSE,FALSE,NA,NA,"India","en","http://pbs.twimg.com/profile_images/690432958327582721/OgI6sHOQ_normal.jpg"
"91","Cheapest fantastic smartphones on which Jio works #CheapestSmartphones #Swipe #micromax #in https://t.co/NnLQNRYp6g https://t.co/EtEcqK0akf",FALSE,1,NA,2017-01-12 10:17:44,FALSE,NA,"819488524382699522",NA,"<a href=""http://hindi.news24online.com"" rel=""nofollow"">hindi.news24online.com</a>","news24tvchannel",0,FALSE,FALSE,NA,NA,"Noida","en","http://pbs.twimg.com/profile_images/468672842041536512/Jz4k7USf_normal.jpeg"
"92","RT @luckystarsapp: Congratulations Mani Bansal, #MegaDraw Winner on winning #Micromax 32 inch HD LED TV for Free! Thank You for being a par…",FALSE,0,NA,2017-01-12 09:36:48,FALSE,NA,"819478223172071426",NA,"<a href=""http://twitter.com"" rel=""nofollow"">Twitter Web Client</a>","Cooler_Mind1",13,TRUE,FALSE,NA,NA,"","en","http://pbs.twimg.com/profile_images/786845834037997568/iytfsLUZ_normal.jpg"
"93","RT @luckystarsapp: Congratulations Mani Bansal, #MegaDraw Winner on winning #Micromax 32 inch HD LED TV for Free! Thank You for being a par…",FALSE,0,NA,2017-01-12 07:55:07,FALSE,NA,"819452636218814464",NA,"<a href=""http://twitter.com/download/android"" rel=""nofollow"">Twitter for Android</a>","AbhishekIPLFeak",13,TRUE,FALSE,NA,NA,"india ","en","http://pbs.twimg.com/profile_images/816508035749257216/woU51RmB_normal.jpg"
"94","RT @luckystarsapp: Congratulations Mani Bansal, #MegaDraw Winner on winning #Micromax 32 inch HD LED TV for Free! Thank You for being a par…",FALSE,0,NA,2017-01-12 07:54:03,FALSE,NA,"819452365224996864",NA,"<a href=""http://twitter.com/download/android"" rel=""nofollow"">Twitter for Android</a>","samanwaybera",13,TRUE,FALSE,NA,NA,"kolkata,india","en","http://pbs.twimg.com/profile_images/709718957050048512/Wk7Re7E4_normal.jpg"
"95","#Micromax Canvas Doodle 4 Q391 – Phone Charging Port Repair: Smartphone: Micromax Canvas… https://t.co/32eoVu7kfi",FALSE,0,NA,2017-01-12 07:45:05,FALSE,NA,"819450108861448193",NA,"<a href=""http://www.google.com/"" rel=""nofollow"">Google</a>","NewPhoneRepairs",0,FALSE,FALSE,NA,NA,"","en","http://pbs.twimg.com/profile_images/693355026052296704/r1MKjcay_normal.png"
"96","RT @luckystarsapp: Congratulations Mani Bansal, #MegaDraw Winner on winning #Micromax 32 inch HD LED TV for Free! Thank You for being a par…",FALSE,0,NA,2017-01-12 07:09:42,FALSE,NA,"819441204358221825",NA,"<a href=""http://twitter.com/download/android"" rel=""nofollow"">Twitter for Android</a>","JayantKunwar",13,TRUE,FALSE,NA,NA,"Bhagalpur","en","http://pbs.twimg.com/profile_images/799162783304560640/GhF1El_e_normal.jpg"
"97","#micromax a104 <U+043A><U+0430><U+043A> <U+043F><U+0440><U+043E><U+0448><U+0438><U+0442><U+044C> https://t.co/76u7TS4GDS",FALSE,0,NA,2017-01-11 16:38:06,FALSE,NA,"819221858377723905",NA,"<a href=""http://fastindex3.ru"" rel=""nofollow"">referred to Twitter’s Guidelines</a>","BainMiln",0,FALSE,FALSE,NA,NA,"<U+041A><U+043E><U+0432><U+044B><U+043B><U+043A><U+0438><U+043D><U+043E>","ru","http://pbs.twimg.com/profile_images/728412770539032576/M6TzrjgY_normal.jpg"
"98","#deals #Micromax Canvas Nitro A311 is selling cheaper by 7% at INR 6499 today https://t.co/vVLAnphITi #snapdeal",FALSE,0,NA,2017-01-11 12:20:51,FALSE,NA,"819157120859795457",NA,"<a href=""http://www.fliptrak.in"" rel=""nofollow"">fliptrak-node</a>","pricetrak",0,FALSE,FALSE,NA,NA,"","en","http://pbs.twimg.com/profile_images/471706985071521792/1X8heI93_normal.png"
"99","#deals #Micromax Canvas Nitro 2 is selling cheaper at INR 5189 today https://t.co/fhB7m5dYVx #snapdeal",FALSE,0,NA,2017-01-11 12:15:43,FALSE,NA,"819155828762546177",NA,"<a href=""http://www.fliptrak.in"" rel=""nofollow"">fliptrak-node</a>","pricetrak",0,FALSE,FALSE,NA,NA,"","en","http://pbs.twimg.com/profile_images/471706985071521792/1X8heI93_normal.png"
"100","#deals #Micromax Canvas Nitro 2 is selling cheaper at INR 5190 today https://t.co/fhB7m5dYVx #snapdeal",FALSE,0,NA,2017-01-11 10:27:09,FALSE,NA,"819128508421009408",NA,"<a href=""http://www.fliptrak.in"" rel=""nofollow"">fliptrak-node</a>","pricetrak",0,FALSE,FALSE,NA,NA,"","en","http://pbs.twimg.com/profile_images/471706985071521792/1X8heI93_normal.png"
"101","RT @rajeshn2012: https://t.co/DIlAFcMDeq @YUplaygod @consaff @jagograhakjago fraud #micromax authorised service center",FALSE,0,NA,2017-01-11 09:36:06,FALSE,NA,"819115660655624192",NA,"<a href=""http://twitter.com/download/android"" rel=""nofollow"">Twitter for Android</a>","decent_sanjiv",1,TRUE,FALSE,NA,NA,"Kolkata, West Bengal","en","http://pbs.twimg.com/profile_images/692347097010479104/5NtLJ_Q4_normal.jpg"
"102","#Micromax 81cm (32) HD Ready #LEDTV at Rs.14490 + Get 6,000 Off on exchange
https://t.co/7umwMJInr4… https://t.co/YsxM3JfgRT",FALSE,0,NA,2017-01-11 08:15:54,TRUE,NA,"819095475500580864",NA,"<a href=""http://bufferapp.com"" rel=""nofollow"">Buffer</a>","SmartGizmoDeals",0,FALSE,FALSE,NA,NA,"India","en","http://pbs.twimg.com/profile_images/690432958327582721/OgI6sHOQ_normal.jpg"
"103","#Micromax Q391 – Screen Turned: Smartphone: Micromax Q391 Problem: Screen Turned… https://t.co/x4KNVVqQnK",FALSE,0,NA,2017-01-11 06:35:05,FALSE,NA,"819070105774686209",NA,"<a href=""http://www.google.com/"" rel=""nofollow"">Google</a>","NewPhoneRepairs",0,FALSE,FALSE,NA,NA,"","en","http://pbs.twimg.com/profile_images/693355026052296704/r1MKjcay_normal.png"
"104","#Micromax Bolt Q339 – Incoming Calls Doesn’t: Smartphone: Micromax Bolt Q339 Problem… https://t.co/00UMJcIeeb",FALSE,0,NA,2017-01-11 06:29:21,FALSE,NA,"819068661617070081",NA,"<a href=""http://www.google.com/"" rel=""nofollow"">Google</a>","NewPhoneRepairs",0,FALSE,FALSE,NA,NA,"","en","http://pbs.twimg.com/profile_images/693355026052296704/r1MKjcay_normal.png"
"105","#Micromax Canvas Doodle3 A102 – Automatically Apps Starting: Smartphone: Micromax Canvas… https://t.co/iy8agKmmMB",FALSE,0,NA,2017-01-11 06:15:12,FALSE,NA,"819065102829809668",NA,"<a href=""http://www.google.com/"" rel=""nofollow"">Google</a>","NewPhoneRepairs",0,FALSE,FALSE,NA,NA,"","en","http://pbs.twimg.com/profile_images/693355026052296704/r1MKjcay_normal.png"
"106","#Micromax’s Yu Yu5530 – Screen is Broken But: Smartphone: Micromax's Yu Yu5530 Problem… https://t.co/nb8ZuzCJFG",FALSE,0,NA,2017-01-11 06:09:15,FALSE,NA,"819063603013750784",NA,"<a href=""http://www.google.com/"" rel=""nofollow"">Google</a>","NewPhoneRepairs",0,FALSE,FALSE,NA,NA,"","en","http://pbs.twimg.com/profile_images/693355026052296704/r1MKjcay_normal.png"
"107","https://t.co/DIlAFcMDeq @YUplaygod @consaff @jagograhakjago fraud #micromax authorised service center",FALSE,2,NA,2017-01-11 05:59:20,FALSE,NA,"819061108011048960",NA,"<a href=""http://twitter.com/download/android"" rel=""nofollow"">Twitter for Android</a>","rajeshn2012",1,FALSE,FALSE,NA,NA,"Kolkata,India","en","http://pbs.twimg.com/profile_images/812191306701303808/Zyyt-bZ__normal.jpg"
"108","#deals #Micromax Canvas Nitro 2 is selling cheaper at INR 5199 today https://t.co/fhB7m5dYVx #snapdeal",FALSE,0,NA,2017-01-11 05:46:08,FALSE,NA,"819057786445103106",NA,"<a href=""http://www.fliptrak.in"" rel=""nofollow"">fliptrak-node</a>","pricetrak",0,FALSE,FALSE,NA,NA,"","en","http://pbs.twimg.com/profile_images/471706985071521792/1X8heI93_normal.png"
"109","#micromax tabs rough-cut capacity planning",FALSE,0,NA,2017-01-10 18:11:32,FALSE,NA,"818882984489209859",NA,"<a href=""http://twitter.com"" rel=""nofollow"">Twitter Web Client</a>","02mLgpcJamaYHsp",0,FALSE,FALSE,NA,NA,"","ru","http://abs.twimg.com/sticky/default_profile_images/default_profile_6_normal.png"
"110","RT @luckystarsapp: Congratulations Mani Bansal, #MegaDraw Winner on winning #Micromax 32 inch HD LED TV for Free! Thank You for being a par…",FALSE,0,NA,2017-01-10 14:52:28,FALSE,NA,"818832888493932545",NA,"<a href=""http://twitter.com/download/android"" rel=""nofollow"">Twitter for Android</a>","rkj14389",13,TRUE,FALSE,NA,NA,"<U+092E><U+0941><U+0902><U+092C><U+0908>, <U+092D><U+093E><U+0930><U+0924>","en","http://pbs.twimg.com/profile_images/807467231823142913/_lAfF8-u_normal.jpg"
"111","RT @luckystarsapp: Congratulations Mani Bansal, #MegaDraw Winner on winning #Micromax 32 inch HD LED TV for Free! Thank You for being a par…",FALSE,0,NA,2017-01-10 14:40:23,FALSE,NA,"818829849586528257",NA,"<a href=""http://twitter.com/download/android"" rel=""nofollow"">Twitter for Android</a>","toposant55",13,TRUE,FALSE,NA,NA,"Kolkata","en","http://pbs.twimg.com/profile_images/813818526024790020/Beo2ZjH__normal.jpg"
"112","RT @luckystarsapp: Congratulations Mani Bansal, #MegaDraw Winner on winning #Micromax 32 inch HD LED TV for Free! Thank You for being a par…",FALSE,0,NA,2017-01-10 12:12:16,FALSE,NA,"818792573443706880",NA,"<a href=""http://twitter.com/download/android"" rel=""nofollow"">Twitter for Android</a>","007tvt",13,TRUE,FALSE,NA,NA,"Noida","en","http://pbs.twimg.com/profile_images/795156093580247044/Ms9MMRy-_normal.jpg"
"113","#Micromax Canvas Mega Q417 (5.5-inch, 16GB, 3GB RAM) at just Rs.6799
https://t.co/c65Xa14JiL

#Snapdeal #Deals… https://t.co/KY4RLrpRTq",FALSE,0,NA,2017-01-10 11:55:05,TRUE,NA,"818788247384059904",NA,"<a href=""http://bufferapp.com"" rel=""nofollow"">Buffer</a>","SmartGizmoDeals",0,FALSE,FALSE,NA,NA,"India","en","http://pbs.twimg.com/profile_images/690432958327582721/OgI6sHOQ_normal.jpg"
"114","24% OFF  #Micromax #mobilephones https://t.co/VWClGCP8JQ https://t.co/JZC6MPkZdp",FALSE,0,NA,2017-01-10 11:48:15,FALSE,NA,"818786529875087366",NA,"<a href=""http://grabobject.com"" rel=""nofollow"">grabobject.com</a>","grabobject",0,FALSE,FALSE,NA,NA,"","en","http://pbs.twimg.com/profile_images/647651988742664192/7nOLFcZx_normal.png"
"115","RT @sanjaybafna: Govt of India has asked domestic Mobile Phone makers including #Micromax, #Intex, #Lava &amp; #Karbonn to build low-cost (Rs.2…",FALSE,0,NA,2017-01-10 11:38:39,FALSE,NA,"818784114937499649",NA,"<a href=""http://twitter.com/download/android"" rel=""nofollow"">Twitter for Android</a>","vinodjain220220",32,TRUE,FALSE,NA,NA,"","en","http://pbs.twimg.com/profile_images/721362756000169984/a8-cvGT4_normal.jpg"
"116","RT @luckystarsapp: Congratulations Mani Bansal, #MegaDraw Winner on winning #Micromax 32 inch HD LED TV for Free! Thank You for being a par…",FALSE,0,NA,2017-01-10 10:33:13,FALSE,NA,"818767647483527168",NA,"<a href=""http://twitter.com/download/android"" rel=""nofollow"">Twitter for Android</a>","swapnilbankar78",13,TRUE,FALSE,NA,NA,"India","en","http://pbs.twimg.com/profile_images/818665278464737280/C032bKU2_normal.jpg"
"117","RT @luckystarsapp: Congratulations Mani Bansal, #MegaDraw Winner on winning #Micromax 32 inch HD LED TV for Free! Thank You for being a par…",FALSE,0,NA,2017-01-10 10:31:24,FALSE,NA,"818767190589456384",NA,"<a href=""http://twitter.com/download/android"" rel=""nofollow"">Twitter for Android</a>","Deejaysaikumar",13,TRUE,FALSE,NA,NA,"Hyderabad, Telagana","en","http://pbs.twimg.com/profile_images/820597227382919168/etNlo4nK_normal.jpg"
"118","RT @luckystarsapp: Congratulations Mani Bansal, #MegaDraw Winner on winning #Micromax 32 inch HD LED TV for Free! Thank You for being a par…",FALSE,0,NA,2017-01-10 10:31:17,FALSE,NA,"818767158616485889",NA,"<a href=""http://twitter.com/download/android"" rel=""nofollow"">Twitter for Android</a>","Chanchal333",13,TRUE,FALSE,NA,NA,"west bengal","en","http://pbs.twimg.com/profile_images/819615261280051200/CZ8kocFs_normal.jpg"
"119","Congratulations Mani Bansal, #MegaDraw Winner on winning #Micromax 32 inch HD LED TV for Free! Thank You for being… https://t.co/ATO69V6CSd",FALSE,25,NA,2017-01-10 10:30:56,TRUE,NA,"818767071404236800",NA,"<a href=""http://twitter.com"" rel=""nofollow"">Twitter Web Client</a>","luckystarsapp",13,FALSE,FALSE,NA,NA,"Mumbai, India","en","http://pbs.twimg.com/profile_images/813269316288200705/SlPR_dfj_normal.jpg"
"120","RT @sanjaybafna: Govt of India has asked domestic Mobile Phone makers including #Micromax, #Intex, #Lava &amp; #Karbonn to build low-cost (Rs.2…",FALSE,0,NA,2017-01-10 10:11:50,FALSE,NA,"818762263649746944",NA,"<a href=""http://twitter.com/download/android"" rel=""nofollow"">Twitter for Android</a>","tusharshTT",32,TRUE,FALSE,NA,NA,"New Delhi","en","http://pbs.twimg.com/profile_images/1215337530/TS_normal.jpeg"
"121","#Micromax Canvas 6 Pro (16GB, 4GB RAM) at just Rs.9899 (MRP 14000)
https://t.co/eSSz7vKMsI

#Snapdeal #Deals… https://t.co/mEMVxiVIcY",FALSE,0,NA,2017-01-10 08:55:03,TRUE,NA,"818742941921509376",NA,"<a href=""http://bufferapp.com"" rel=""nofollow"">Buffer</a>","SmartGizmoDeals",0,FALSE,FALSE,NA,NA,"India","en","http://pbs.twimg.com/profile_images/690432958327582721/OgI6sHOQ_normal.jpg"
"122","Get exciting deals now!
Fulfill your #Smartphone dream with #TogoFogo
Get upto 70% off on #Micromax mobiles
Buy now… https://t.co/Kl3ocp3FWZ",FALSE,0,NA,2017-01-10 06:50:06,TRUE,NA,"818711498331721729",NA,"<a href=""http://www.hootsuite.com"" rel=""nofollow"">Hootsuite</a>","togofogo",0,FALSE,FALSE,NA,NA,"Noida","en","http://pbs.twimg.com/profile_images/818375612083486722/57gJ8o-V_normal.jpg"
"123","RT @sanjaybafna: Govt of India has asked domestic Mobile Phone makers including #Micromax, #Intex, #Lava &amp; #Karbonn to build low-cost (Rs.2…",FALSE,0,NA,2017-01-10 06:16:42,FALSE,NA,"818703091717591044",NA,"<a href=""http://twitter.com"" rel=""nofollow"">Twitter Web Client</a>","jio_fans",32,TRUE,FALSE,NA,NA,"India","en","http://pbs.twimg.com/profile_images/760767851624075265/HNthGDua_normal.jpg"
"124","#deals #Micromax Canvas Nitro 2 is selling cheaper at INR 5245 today https://t.co/fhB7m5dYVx #snapdeal",FALSE,0,NA,2017-01-10 03:24:49,FALSE,NA,"818659834933280768",NA,"<a href=""http://www.fliptrak.in"" rel=""nofollow"">fliptrak-node</a>","pricetrak",0,FALSE,FALSE,NA,NA,"","en","http://pbs.twimg.com/profile_images/471706985071521792/1X8heI93_normal.png"
"125","RT @sanjaybafna: Govt of India has asked domestic Mobile Phone makers including #Micromax, #Intex, #Lava &amp; #Karbonn to build low-cost (Rs.2…",FALSE,0,NA,2017-01-10 01:30:02,FALSE,NA,"818630949856509952",NA,"<a href=""http://twitter.com/download/android"" rel=""nofollow"">Twitter for Android</a>","raxit",32,TRUE,FALSE,NA,NA,"Mumbai , India","en","http://pbs.twimg.com/profile_images/1152836877/raxit_hackday_normal.jpeg"
"126","RT @comparetrap: #Micromax #Canvas 6 #Pro #price and #specifications in India
4GB RAM | 16 GB Memory | 4G Network
#canvas6pro
https://t.co/…",FALSE,0,NA,2017-01-10 00:09:50,FALSE,NA,"818610767033466880",NA,"<a href=""http://twitter.com"" rel=""nofollow"">Twitter Web Client</a>","W_Angels_Wings",2,TRUE,FALSE,NA,NA,"Kirkland, WA","en","http://pbs.twimg.com/profile_images/378800000260174762/323fed77bb2d21a6b5088531567730ef_normal.jpeg"
"127","#deals #Micromax Canvas Nitro 2 is selling cheaper at INR 5259 today https://t.co/fhB7m5dYVx #snapdeal",FALSE,0,NA,2017-01-09 16:36:11,FALSE,NA,"818496601043763202",NA,"<a href=""http://www.fliptrak.in"" rel=""nofollow"">fliptrak-node</a>","pricetrak",0,FALSE,FALSE,NA,NA,"","en","http://pbs.twimg.com/profile_images/471706985071521792/1X8heI93_normal.png"
"128","#Micromax #Canvas 6 #Pro #price and #specifications in India
4GB RAM | 16 GB Memory | 4G Network
#canvas6pro… https://t.co/Jeob3XvPEz",FALSE,2,NA,2017-01-09 16:34:59,TRUE,NA,"818496299389583360",NA,"<a href=""http://twitter.com"" rel=""nofollow"">Twitter Web Client</a>","comparetrap",2,FALSE,FALSE,NA,NA,"New Delhi, India","en","http://pbs.twimg.com/profile_images/792446123952615424/ajd1qSXc_normal.jpg"
"129","#deals #Micromax Canvas Nitro 2 (White &amp; Gold, 16 GB) is selling cheaper by 2% at INR 5360 today https://t.co/5O6ftLdfUC #flipkart",FALSE,0,NA,2017-01-09 15:42:31,FALSE,NA,"818483096571940864",NA,"<a href=""http://www.fliptrak.in"" rel=""nofollow"">fliptrak-node</a>","pricetrak",0,FALSE,FALSE,NA,NA,"","en","http://pbs.twimg.com/profile_images/471706985071521792/1X8heI93_normal.png"
"130","#deals #Micromax Canvas Nitro 2 is selling cheaper at INR 5289 today https://t.co/fhB7m5dYVx #snapdeal",FALSE,0,NA,2017-01-09 15:03:34,FALSE,NA,"818473294143700993",NA,"<a href=""http://www.fliptrak.in"" rel=""nofollow"">fliptrak-node</a>","pricetrak",0,FALSE,FALSE,NA,NA,"","en","http://pbs.twimg.com/profile_images/471706985071521792/1X8heI93_normal.png"
"131","RT @sanjaybafna: Govt of India has asked domestic Mobile Phone makers including #Micromax, #Intex, #Lava &amp; #Karbonn to build low-cost (Rs.2…",FALSE,0,NA,2017-01-09 13:36:17,FALSE,NA,"818451330188464132",NA,"<a href=""http://twitter.com/download/android"" rel=""nofollow"">Twitter for Android</a>","sureshdoshi42",32,TRUE,FALSE,NA,NA,"Mumbai","en","http://pbs.twimg.com/profile_images/463701661001605120/Gfu_-Uvc_normal.png"
"132","RT @sanjaybafna: Govt of India has asked domestic Mobile Phone makers including #Micromax, #Intex, #Lava &amp; #Karbonn to build low-cost (Rs.2…",FALSE,0,NA,2017-01-09 13:34:37,FALSE,NA,"818450908962963457",NA,"<a href=""http://twitter.com/download/android"" rel=""nofollow"">Twitter for Android</a>","sureshdoshi",32,TRUE,FALSE,NA,NA,"Mumbai","en","http://pbs.twimg.com/profile_images/512144941053530113/-9rZdFcO_normal.jpeg"
"133","RT @sanjaybafna: Govt of India has asked domestic Mobile Phone makers including #Micromax, #Intex, #Lava &amp; #Karbonn to build low-cost (Rs.2…",FALSE,0,NA,2017-01-09 13:16:24,FALSE,NA,"818446323569467393",NA,"<a href=""http://twitter.com/download/android"" rel=""nofollow"">Twitter for Android</a>","sanjaybohrajj",32,TRUE,FALSE,NA,NA,"Mumbai","en","http://pbs.twimg.com/profile_images/2424417274/h1h8hrjrd6j6tyio5r3v_normal.jpeg"
"134","RT @sanjaybafna: Govt of India has asked domestic Mobile Phone makers including #Micromax, #Intex, #Lava &amp; #Karbonn to build low-cost (Rs.2…",FALSE,0,NA,2017-01-09 13:13:41,FALSE,NA,"818445642817122305",NA,"<a href=""http://twitter.com/download/android"" rel=""nofollow"">Twitter for Android</a>","riteshpunatar",32,TRUE,FALSE,NA,NA,"Mumbai | India","en","http://pbs.twimg.com/profile_images/1378549000/RiteshP_normal.jpg"
"135","RT @sanjaybafna: Govt of India has asked domestic Mobile Phone makers including #Micromax, #Intex, #Lava &amp; #Karbonn to build low-cost (Rs.2…",FALSE,0,NA,2017-01-09 13:12:03,FALSE,NA,"818445230584131584",NA,"<a href=""http://twitter.com/download/android"" rel=""nofollow"">Twitter for Android</a>","Pkavedi",32,TRUE,FALSE,NA,NA,"","en","http://pbs.twimg.com/profile_images/761867527702061056/3ecGfiPm_normal.jpg"
"136","RT @sanjaybafna: Govt of India has asked domestic Mobile Phone makers including #Micromax, #Intex, #Lava &amp; #Karbonn to build low-cost (Rs.2…",FALSE,0,NA,2017-01-09 13:09:28,FALSE,NA,"818444580752211970",NA,"<a href=""http://twitter.com/download/android"" rel=""nofollow"">Twitter for Android</a>","Priyanka_Ji",32,TRUE,FALSE,NA,NA,"Mumbai, India","en","http://pbs.twimg.com/profile_images/378800000797394786/aad7180b3e4112756b43efe15b0348b7_normal.jpeg"
"137","RT @sanjaybafna: Govt of India has asked domestic Mobile Phone makers including #Micromax, #Intex, #Lava &amp; #Karbonn to build low-cost (Rs.2…",FALSE,0,NA,2017-01-09 13:05:51,FALSE,NA,"818443669954916352",NA,"<a href=""http://twitter.com/download/android"" rel=""nofollow"">Twitter for Android</a>","MahendraMMumbai",32,TRUE,FALSE,NA,NA,"Mumbai, Maharashtra","en","http://pbs.twimg.com/profile_images/665143751430545408/vT0juQ9M_normal.jpg"
"138","RT @sanjaybafna: Govt of India has asked domestic Mobile Phone makers including #Micromax, #Intex, #Lava &amp; #Karbonn to build low-cost (Rs.2…",FALSE,0,NA,2017-01-09 13:01:39,FALSE,NA,"818442612503756803",NA,"<a href=""http://twitter.com/download/android"" rel=""nofollow"">Twitter for Android</a>","MahendraPBafna",32,TRUE,FALSE,NA,NA,"Mumbai and Bhinmal ","en","http://pbs.twimg.com/profile_images/724912326311337984/g5OEoaR1_normal.jpg"
"139","RT @sanjaybafna: Govt of India has asked domestic Mobile Phone makers including #Micromax, #Intex, #Lava &amp; #Karbonn to build low-cost (Rs.2…",FALSE,0,NA,2017-01-09 12:58:45,FALSE,NA,"818441884662018048",NA,"<a href=""http://twitter.com/download/android"" rel=""nofollow"">Twitter for Android</a>","mukesh_rajat",32,TRUE,FALSE,NA,NA,"Mumbai, Maharashtra","en","http://pbs.twimg.com/profile_images/695136647348887552/QIk3tL8r_normal.jpg"
"140","RT @sanjaybafna: Govt of India has asked domestic Mobile Phone makers including #Micromax, #Intex, #Lava &amp; #Karbonn to build low-cost (Rs.2…",FALSE,0,NA,2017-01-09 12:56:14,FALSE,NA,"818441248805556224",NA,"<a href=""http://twitter.com/download/android"" rel=""nofollow"">Twitter for Android</a>","Mukeshrajat",32,TRUE,FALSE,NA,NA,"Mumbai | India","en","http://pbs.twimg.com/profile_images/2454931736/jz89j2v7njytip25qicf_normal.jpeg"
"141","RT @sanjaybafna: Govt of India has asked domestic Mobile Phone makers including #Micromax, #Intex, #Lava &amp; #Karbonn to build low-cost (Rs.2…",FALSE,0,NA,2017-01-09 12:55:02,FALSE,NA,"818440948552110082",NA,"<a href=""http://twitter.com/download/android"" rel=""nofollow"">Twitter for Android</a>","mekalwinT",32,TRUE,FALSE,NA,NA,"India / Bombay /Pune/Bangalore","en","http://pbs.twimg.com/profile_images/1132898450/mekalwin_normal.jpeg"
"142","RT @sanjaybafna: Govt of India has asked domestic Mobile Phone makers including #Micromax, #Intex, #Lava &amp; #Karbonn to build low-cost (Rs.2…",FALSE,0,NA,2017-01-09 12:53:14,FALSE,NA,"818440496200564738",NA,"<a href=""http://twitter.com/download/android"" rel=""nofollow"">Twitter for Android</a>","lucky_seth",32,TRUE,FALSE,NA,NA,"","en","http://pbs.twimg.com/profile_images/378800000042778136/12cab6c71b7ef9d7c5e8dfad19660d20_normal.jpeg"
"143","RT @sanjaybafna: Govt of India has asked domestic Mobile Phone makers including #Micromax, #Intex, #Lava &amp; #Karbonn to build low-cost (Rs.2…",FALSE,0,NA,2017-01-09 12:50:05,FALSE,NA,"818439703150010368",NA,"<a href=""http://twitter.com/download/android"" rel=""nofollow"">Twitter for Android</a>","kunal_mb",32,TRUE,FALSE,NA,NA,"Mumbai","en","http://pbs.twimg.com/profile_images/1132899612/Kunal_normal.jpeg"
"144","RT @sanjaybafna: Govt of India has asked domestic Mobile Phone makers including #Micromax, #Intex, #Lava &amp; #Karbonn to build low-cost (Rs.2…",FALSE,0,NA,2017-01-09 12:48:05,FALSE,NA,"818439196868165633",NA,"<a href=""http://twitter.com/download/android"" rel=""nofollow"">Twitter for Android</a>","JeevanBafna",32,TRUE,FALSE,NA,NA,"Mumbai","en","http://pbs.twimg.com/profile_images/639419929662373888/qa_7bB8d_normal.jpg"
"145","RT @sanjaybafna: Govt of India has asked domestic Mobile Phone makers including #Micromax, #Intex, #Lava &amp; #Karbonn to build low-cost (Rs.2…",FALSE,0,NA,2017-01-09 12:46:06,FALSE,NA,"818438700317016065",NA,"<a href=""http://twitter.com/download/android"" rel=""nofollow"">Twitter for Android</a>","JaiJinen",32,TRUE,FALSE,NA,NA,"Mumbai","en","http://pbs.twimg.com/profile_images/1319551232/jai-jinendra-jpg_normal.jpeg"
"146","RT @sanjaybafna: Govt of India has asked domestic Mobile Phone makers including #Micromax, #Intex, #Lava &amp; #Karbonn to build low-cost (Rs.2…",FALSE,0,NA,2017-01-09 12:44:04,FALSE,NA,"818438188909797378",NA,"<a href=""http://twitter.com/download/android"" rel=""nofollow"">Twitter for Android</a>","DineshDoshiBLR",32,TRUE,FALSE,NA,NA,"Bangalore and Mumbai","en","http://pbs.twimg.com/profile_images/576991889234087937/HNEJcoow_normal.jpeg"
"147","RT @sanjaybafna: Govt of India has asked domestic Mobile Phone makers including #Micromax, #Intex, #Lava &amp; #Karbonn to build low-cost (Rs.2…",FALSE,0,NA,2017-01-09 12:37:27,FALSE,NA,"818436524622548998",NA,"<a href=""http://twitter.com/download/android"" rel=""nofollow"">Twitter for Android</a>","bafnajeevan",32,TRUE,FALSE,NA,NA,"Mumbai","en","http://pbs.twimg.com/profile_images/793091676843700224/FnS3ClxH_normal.jpg"
"148","RT @sanjaybafna: Govt of India has asked domestic Mobile Phone makers including #Micromax, #Intex, #Lava &amp; #Karbonn to build low-cost (Rs.2…",FALSE,0,NA,2017-01-09 12:35:34,FALSE,NA,"818436047105232900",NA,"<a href=""http://twitter.com/download/android"" rel=""nofollow"">Twitter for Android</a>","babloooochandan",32,TRUE,FALSE,NA,NA,"Mumbai, Maharashtra","en","http://pbs.twimg.com/profile_images/686840618761490432/6-tx2haG_normal.jpg"
"149","RT @sanjaybafna: Govt of India has asked domestic Mobile Phone makers including #Micromax, #Intex, #Lava &amp; #Karbonn to build low-cost (Rs.2…",FALSE,0,NA,2017-01-09 12:29:32,FALSE,NA,"818434531640258561",NA,"<a href=""http://twitter.com/download/android"" rel=""nofollow"">Twitter for Android</a>","abhigyanbafna",32,TRUE,FALSE,NA,NA,"Mumbai","en","http://pbs.twimg.com/profile_images/726369292317503488/CcbIX2GT_normal.jpg"
"150","#deals #Micromax Canvas Nitro 2 (White &amp; Gold, 16 GB) is selling cheaper at INR 5480 today https://t.co/5O6ftLdfUC #flipkart",FALSE,0,NA,2017-01-09 11:04:47,FALSE,NA,"818413203906404353",NA,"<a href=""http://www.fliptrak.in"" rel=""nofollow"">fliptrak-node</a>","pricetrak",0,FALSE,FALSE,NA,NA,"","en","http://pbs.twimg.com/profile_images/471706985071521792/1X8heI93_normal.png"
"151","Buy #Micromax #Mobile #Back #Covers with #Photo #Printed. Best Price ! #Discount UpTo 67%.Whatsapp- 8884411403.Visi… https://t.co/vxhy6Q7L43",FALSE,0,NA,2017-01-09 09:52:58,TRUE,NA,"818395127811022848",NA,"<a href=""http://twitter.com"" rel=""nofollow"">Twitter Web Client</a>","GERGstore",0,FALSE,FALSE,NA,NA,"Bangalore","en","http://pbs.twimg.com/profile_images/509692176410763264/TRmgHNfp_normal.png"
"152","RT @sanjaybafna: Govt of India has asked domestic Mobile Phone makers including #Micromax, #Intex, #Lava &amp; #Karbonn to build low-cost (Rs.2…",FALSE,0,NA,2017-01-09 09:23:23,FALSE,NA,"818387685568114689",NA,"<a href=""http://twitter.com/download/iphone"" rel=""nofollow"">Twitter for iPhone</a>","sharmasunny84",32,TRUE,FALSE,NA,NA,"","en","http://pbs.twimg.com/profile_images/817636617204731904/XdVcQvjB_normal.jpg"
"153","#deals #Micromax 102cm (40) Full HD Smart LED TV is selling cheaper at INR 27790 today https://t.co/rZwAKPrNft #flipkart",FALSE,0,NA,2017-01-09 08:24:44,FALSE,NA,"818372926609051649",NA,"<a href=""http://www.fliptrak.in"" rel=""nofollow"">fliptrak-node</a>","pricetrak",0,FALSE,FALSE,NA,NA,"","en","http://pbs.twimg.com/profile_images/471706985071521792/1X8heI93_normal.png"
"154","RT @sanjaybafna: Govt of India has asked domestic Mobile Phone makers including #Micromax, #Intex, #Lava &amp; #Karbonn to build low-cost (Rs.2…",FALSE,0,NA,2017-01-09 07:59:19,FALSE,NA,"818366529746173953",NA,"<a href=""http://twitter.com/download/iphone"" rel=""nofollow"">Twitter for iPhone</a>","gagantalwar",32,TRUE,FALSE,NA,NA,"Amritsar and Mumbai","en","http://pbs.twimg.com/profile_images/698430240310231040/xtyoiB4v_normal.jpg"
"155","RT @sanjaybafna: Govt of India has asked domestic Mobile Phone makers including #Micromax, #Intex, #Lava &amp; #Karbonn to build low-cost (Rs.2…",FALSE,0,NA,2017-01-09 07:26:45,FALSE,NA,"818358332603985921",NA,"<a href=""http://twitter.com/download/android"" rel=""nofollow"">Twitter for Android</a>","rakeshguleria",32,TRUE,FALSE,NA,NA,"New Delhi","en","http://pbs.twimg.com/profile_images/669553851712704512/d8bEI7cy_normal.jpg"
"156","#Snapdeal #Offer Flat 50% OFF on #Micromax #Canvas5 + Extra 15% OFF via SBI Cards https://t.co/pxStbrDirI",FALSE,2,NA,2017-01-09 07:24:48,FALSE,NA,"818357840557395968",NA,"<a href=""http://www.facebook.com/twitter"" rel=""nofollow"">Facebook</a>","OffersXpIndia",1,FALSE,FALSE,NA,NA,"Noida, India","en","http://pbs.twimg.com/profile_images/750380814374842368/h4bHlp-a_normal.jpg"
"157","RT @sanjaybafna: Govt of India has asked domestic Mobile Phone makers including #Micromax, #Intex, #Lava &amp; #Karbonn to build low-cost (Rs.2…",FALSE,0,NA,2017-01-09 07:22:14,FALSE,NA,"818357195934994432",NA,"<a href=""http://twitter.com/download/android"" rel=""nofollow"">Twitter for Android</a>","ratkutti",32,TRUE,FALSE,NA,NA,"13.032744, 80.240517","en","http://pbs.twimg.com/profile_images/785181054520877056/aD0EFJyq_normal.jpg"
"158","RT @sanjaybafna: Govt of India has asked domestic Mobile Phone makers including #Micromax, #Intex, #Lava &amp; #Karbonn to build low-cost (Rs.2…",FALSE,0,NA,2017-01-09 06:38:31,FALSE,NA,"818346192421748742",NA,"<a href=""http://twitter.com/download/iphone"" rel=""nofollow"">Twitter for iPhone</a>","suyashlunawat12",32,TRUE,FALSE,NA,NA,"","en","http://pbs.twimg.com/profile_images/378800000528413621/5ada42c30420008c9b919362f174484a_normal.jpeg"
"159","RT @BestPriceOnIn: Get the #Micromax Canvas 5 E481 not so premium price of 7,499 at https://t.co/CefTLc0ZXw #Snapdeal #unboxzindagi #Welcom…",FALSE,0,NA,2017-01-09 06:32:48,FALSE,NA,"818344756183007232",NA,"<a href=""http://twitter.com"" rel=""nofollow"">Twitter Web Client</a>","roveena12345",1,TRUE,FALSE,NA,NA,"","en","http://pbs.twimg.com/profile_images/766571297157505026/88W5igQR_normal.jpg"
"160","<U+09A8><U+09CB><U+099F> <U+09AC><U+09BE><U+09A4><U+09BF><U+09B2><U+09C7><U+09B0> <U+09AA><U+09CD><U+09B0><U+09A7><U+09BE><U+09A8><U+09AE><U+09A8><U+09CD><U+09A4><U+09CD><U+09B0><U+09C0> <U+09AE><U+09CB><U+09A6><U+09BF><U+09B0> <U+0986><U+09B0><U+09C7><U+0995><U+099F><U+09BF> <U+09AE><U+09BE><U+09B8><U+09CD><U+099F><U+09BE><U+09B0><U+09B8><U+09CD><U+099F><U+09CD><U+09B0><U+09CB><U+0995>! (Y) (Y)

#IndianSmartphone #Micromax #ChineseSmartphone... https://t.co/17IsY1DUIl",FALSE,0,NA,2017-01-09 06:29:05,FALSE,NA,"818343818324017152",NA,"<a href=""http://www.facebook.com/twitter"" rel=""nofollow"">Facebook</a>","SangbadPratidin",0,FALSE,FALSE,NA,NA,"<U+0915><U+094B><U+0932><U+0915><U+093E><U+0924><U+093E>, <U+092D><U+093E><U+0930><U+0924>","en","http://pbs.twimg.com/profile_images/813089980742410240/AbOhqwXi_normal.jpg"
"161","RT @sanjaybafna: Govt of India has asked domestic Mobile Phone makers including #Micromax, #Intex, #Lava &amp; #Karbonn to build low-cost (Rs.2…",FALSE,0,NA,2017-01-09 05:47:06,FALSE,NA,"818333254243811328",NA,"<a href=""http://www.tweetcaster.com"" rel=""nofollow"">TweetCaster for Android</a>","JanuzajtheRed",32,TRUE,FALSE,NA,NA,"India","en","http://pbs.twimg.com/profile_images/782922819285966848/WMvb0I7l_normal.jpg"
"162","RT @sanjaybafna: Govt of India has asked domestic Mobile Phone makers including #Micromax, #Intex, #Lava &amp; #Karbonn to build low-cost (Rs.2…",FALSE,0,NA,2017-01-09 04:58:31,FALSE,NA,"818321029944721408",NA,"<a href=""http://twitter.com/download/android"" rel=""nofollow"">Twitter for Android</a>","MrRobot28",32,TRUE,FALSE,NA,NA,"","en","http://pbs.twimg.com/profile_images/764907000601858048/V3fi3Zek_normal.jpg"
"163","RT @sanjaybafna: Govt of India has asked domestic Mobile Phone makers including #Micromax, #Intex, #Lava &amp; #Karbonn to build low-cost (Rs.2…",FALSE,0,NA,2017-01-09 04:37:32,FALSE,NA,"818315748787384320",NA,"<a href=""https://about.twitter.com/products/tweetdeck"" rel=""nofollow"">TweetDeck</a>","vallabh86",32,TRUE,FALSE,NA,NA,"India,Ahmedabad","en","http://pbs.twimg.com/profile_images/778286302198239232/v9br3k9I_normal.jpg"
"164","Govt of India has asked domestic Mobile Phone makers including #Micromax, #Intex, #Lava &amp; #Karbonn to build low-cost (Rs.2000) 4G Smartphone",FALSE,34,NA,2017-01-09 04:36:52,FALSE,NA,"818315579538997248",NA,"<a href=""http://twitter.com/download/android"" rel=""nofollow"">Twitter for Android</a>","sanjaybafna",32,FALSE,FALSE,NA,NA,"Mumbai | Bombay | India","en","http://pbs.twimg.com/profile_images/557072830659960832/y0VOn5hL_normal.jpeg"
"165","#deals #Micromax Canvas Spark 3 8GB is selling cheaper at INR 3899 today https://t.co/fisNA6q2tZ #snapdeal",FALSE,0,NA,2017-01-08 20:25:39,FALSE,NA,"818191962314391553",NA,"<a href=""http://www.fliptrak.in"" rel=""nofollow"">fliptrak-node</a>","pricetrak",0,FALSE,FALSE,NA,NA,"","en","http://pbs.twimg.com/profile_images/471706985071521792/1X8heI93_normal.png"
"166","#deals #Micromax Canvas Spark 2 Plus Q350 8gb 3g is selling cheaper at INR 3199 today https://t.co/KWyE3aFFn6 #snapdeal",FALSE,0,NA,2017-01-08 19:28:46,FALSE,NA,"818177644520837120",NA,"<a href=""http://www.fliptrak.in"" rel=""nofollow"">fliptrak-node</a>","pricetrak",0,FALSE,FALSE,NA,NA,"","en","http://pbs.twimg.com/profile_images/471706985071521792/1X8heI93_normal.png"
"167","#Micromax Bolt Q381 (8 GB) at Rs.3199
https://t.co/sl79cmUPRD

#Snapdeal #Deals #Offers #OnlineDeals https://t.co/YPBkW4Ef2I",FALSE,0,NA,2017-01-08 15:55:04,FALSE,NA,"818123867877212162",NA,"<a href=""http://bufferapp.com"" rel=""nofollow"">Buffer</a>","SmartGizmoDeals",0,FALSE,FALSE,NA,NA,"India","en","http://pbs.twimg.com/profile_images/690432958327582721/OgI6sHOQ_normal.jpg"
"168","#Micromax #Canvas5 E481 (16GB) at Rs.7499 + 15% Discount on SBI Cards
https://t.co/hxzImPNtyf

#Snapdeal #Deals… https://t.co/OFqg8lRjXj",FALSE,1,NA,2017-01-08 14:55:02,TRUE,NA,"818108759306305536",NA,"<a href=""http://bufferapp.com"" rel=""nofollow"">Buffer</a>","SmartGizmoDeals",0,FALSE,FALSE,NA,NA,"India","en","http://pbs.twimg.com/profile_images/690432958327582721/OgI6sHOQ_normal.jpg"
"169","#deals #Micromax Unite 2 A106 Mystic Grey is selling cheaper at INR 3989 today https://t.co/NkBUJUJyiI #snapdeal",FALSE,0,NA,2017-01-08 13:26:49,FALSE,NA,"818086560495112194",NA,"<a href=""http://www.fliptrak.in"" rel=""nofollow"">fliptrak-node</a>","pricetrak",0,FALSE,FALSE,NA,NA,"","en","http://pbs.twimg.com/profile_images/471706985071521792/1X8heI93_normal.png"
"170","#deals #Micromax Canvas Doodle 4 (Blue, 8 GB) is selling cheaper at INR 5999 today https://t.co/QoU9hNi45c #flipkart",FALSE,0,NA,2017-01-08 12:28:30,FALSE,NA,"818071882805153792",NA,"<a href=""http://www.fliptrak.in"" rel=""nofollow"">fliptrak-node</a>","pricetrak",0,FALSE,FALSE,NA,NA,"","en","http://pbs.twimg.com/profile_images/471706985071521792/1X8heI93_normal.png"
"171","#Micromax 50-inch Smart Ultra HD (4K) LED #Television With 1 + 2 Year Extended Warranty at Rs.38990 (MRP 89990)… https://t.co/58gy8EMizc",FALSE,0,NA,2017-01-08 11:54:54,TRUE,NA,"818063428095016961",NA,"<a href=""http://bufferapp.com"" rel=""nofollow"">Buffer</a>","SmartGizmoDeals",0,FALSE,FALSE,NA,NA,"India","en","http://pbs.twimg.com/profile_images/690432958327582721/OgI6sHOQ_normal.jpg"
"172","Get the #Micromax Canvas 5 E481 not so premium price of 7,499 at https://t.co/CefTLc0ZXw #Snapdeal #unboxzindagi… https://t.co/5TgLe5hbEp",FALSE,3,NA,2017-01-08 11:00:02,TRUE,NA,"818049619892408322",NA,"<a href=""https://about.twitter.com/products/tweetdeck"" rel=""nofollow"">TweetDeck</a>","BestPriceOnIn",1,FALSE,FALSE,NA,NA,"India","en","http://pbs.twimg.com/profile_images/748444874668535808/wU4OR93a_normal.jpg"
"173","Micromax X606 Mobile 
For Rs 959 (Mrp 1599) at Snapdeal

Click For Offer-&gt;https://t.co/UCP1km5mUq

#Micromax 
#X606… https://t.co/h9vebmnOzW",FALSE,0,NA,2017-01-08 10:59:07,TRUE,NA,"818049387100131328",NA,"<a href=""http://twitter.com"" rel=""nofollow"">Twitter Web Client</a>","actorankur",0,FALSE,FALSE,NA,NA,"New Delhi, India","en","http://pbs.twimg.com/profile_images/793460342084866049/I4QG3FJY_normal.jpg"
"174","Branding of Metro Stations - Give your opinions here<ed><U+00A0><U+00BD><ed><U+00B1><U+0089> https://t.co/zGQYq6YuPm
#Metro #Micromax #Project 
#OneStepForFootpaths",FALSE,2,NA,2017-01-08 08:44:19,FALSE,NA,"818015464316141568",NA,"<a href=""http://twitter.com/download/android"" rel=""nofollow"">Twitter for Android</a>","1abhijeeet",0,FALSE,FALSE,NA,NA,"India","en","http://pbs.twimg.com/profile_images/814829946946236417/tWAqzlwP_normal.jpg"
"175","@Micromax_Mobile 3 months n no response, customer care calls are also very expensive. Apologies but #worstcustomerservice #Micromax",FALSE,0,"Micromax_Mobile",2017-01-08 07:17:23,FALSE,NA,"817993588227215360","95869405","<a href=""http://twitter.com/download/android"" rel=""nofollow"">Twitter for Android</a>","sanketb007",0,FALSE,FALSE,NA,NA,"Noida, India","en","http://pbs.twimg.com/profile_images/740256488929779712/KEVWuXaG_normal.jpg"
